,,ECU,ECU,ECU,ECU,ECU,ECU,ECU,ECU,ECU,ECU,ECU,ECU,ECU,ECU,ECU,ECU,ECU,ECU,ECU,ECU,ECU,ECU,ECU,ECU,ECU,ECU,ECU,ECU,ECU,ECU,ECU,ECU,ECU,ECU,ECU,ECU,ECU,ECU,ECU,ECU,ECU,ECU,ECU,ECU,ECU,ECU,ECU,ECU,ECU,ECU,ECU,ECU,ECU,ECU,ECU,ECU,ECU,ECU,ECU,ECU,AFR,ASI,CAR,COL,EUR,NAM,OCE,PER,SAM
,,ADM,ADP,AGU,ALD,ASO,AYG,AZU,BAL,BNA,CAN,CAR,CAU,CEM,CER,CHO,CIN,COM,CON,CUE,CUL,DEM,DOM,EDU,ELE,FID,FIN,FRT,FRV,GAN,HIL,HOT,INM,LAC,MAD,MAN,MAQ,MET,MIP,MOL,MUE,PAN,PAP,PES,PLS,POS,PPR,QU1,QU2,REF,REP,RES,SAL,SEG,SIL,TAB,TEL,TRA,VES,VID,final_demand,exports,exports,exports,exports,exports,exports,exports,exports,exports
ECU,ADM,738357.0,272851.0,39042.0,60165.0,199431.0,30059.0,11125.0,16317.0,94448.0,3864.0,20924.0,7324.0,96303.0,12827.0,51733.0,69464.0,671824.0,562782.0,23299.0,9645.0,37616.0,0.0,128732.0,196229.0,8096.0,517554.0,23893.0,180721.0,199232.0,23647.0,40048.0,273837.0,78019.0,33115.0,6978.0,53955.0,55525.0,645229.0,13748.0,17951.0,18707.0,50538.0,154686.0,14801.0,109137.0,65427.0,14611.0,95457.0,45199.0,42467.0,84503.0,144843.0,49915.0,79172.0,14815.0,638141.0,613460.0,13200.0,29687.0,623894.0,87.61512166046386,912.6894300679847,461.5437158319825,289.2654157277343,1713.9944041686524,2625.1488280368676,28.57458593087515,395.67518216689257,81.4933164085468
ECU,ADP,2413.0,2237.0,344.0,197.0,1556.0,119.0,41.0,397.0,259.0,25.0,4545.0,19.0,1151.0,658.0,87.0,225.0,4120.0,12881.0,134.0,159.0,273.0,0.0,1095.0,2357.0,26.0,1618.0,153.0,967.0,2060.0,143.0,452.0,4377.0,1475.0,252.0,492.0,435.0,107.0,3357.0,67.0,144.0,125.0,462.0,697.0,208.0,148.0,651.0,77.0,270.0,86.0,122.0,1132.0,1525.0,308.0,74.0,12.0,3415.0,1439.0,125.0,108.0,8328016.0,17.95870898801503,187.0764265391018,94.603866556222,59.29151638324693,351.32207920497547,538.0838713623173,5.857010336346756,81.1026146588294,16.703905970945314
ECU,AGU,19535.0,28355.0,4338.0,2007.0,3489.0,1359.0,148.0,6682.0,4116.0,316.0,20815.0,135.0,1830.0,13556.0,351.0,2378.0,13166.0,3208.0,275.0,2937.0,2460.0,0.0,12582.0,30269.0,237.0,2385.0,1565.0,17280.0,35407.0,1213.0,5557.0,4188.0,1508.0,2305.0,300.0,4061.0,1107.0,48465.0,809.0,949.0,738.0,3519.0,8669.0,1923.0,845.0,10479.0,499.0,1409.0,214.0,585.0,9347.0,11877.0,267.0,600.0,29.0,3661.0,2488.0,696.0,758.0,215774.0,0.0,0.0,182.0,0.0,0.0,0.0,0.0,0.0,0.0
ECU,ALD,100.0,302.0,8.0,300.0,1567.0,413.0,133.0,796.0,256.0,4599.0,968.0,12.0,297.0,17.0,375.0,32.0,184.0,1941.0,42.0,5.0,106.0,0.0,1682.0,127.0,3996.0,22.0,226.0,23.0,1170.0,100.0,2600.0,1126.0,606.0,387.0,74.0,229.0,156.0,340.0,7498.0,115.0,5313.0,104.0,161.0,93.0,2.0,5556.0,39.0,423.0,114.0,16.0,6722.0,1436.0,7.0,16.0,11.0,190.0,1057.0,109.0,26.0,421749.0,1424.4065604009313,101354.40957924513,20075.972005422984,12221.22185886395,186201.9828934566,87955.60542248987,6448.185633841261,6304.672992998259,1276.543053281078
ECU,ASO,23339.0,66651.0,608.0,1052.0,76207.0,660.0,192.0,349.0,1531.0,170.0,1325.0,128.0,1676.0,224.0,983.0,1101.0,66235.0,16238.0,415.0,156.0,744.0,0.0,47418.0,3200.0,155.0,17155.0,608.0,2783.0,36850.0,467.0,5989.0,8386.0,1524.0,974.0,215.0,1165.0,1071.0,10168.0,418.0,444.0,491.0,921.0,32621.0,360.0,1663.0,28967.0,267.0,1627.0,849.0,682.0,9272.0,33615.0,1362.0,1224.0,229.0,9820.0,122478.0,370.0,491.0,2028423.0,673.4117378442292,7014.950884802399,3547.435076036085,2223.3003003561166,13173.79840935994,20176.951202999557,219.6248912882925,3041.168088283043,626.3594090303362
ECU,AYG,253.0,2572.0,37.0,5575.0,5108.0,200014.0,1012.0,1432.0,214.0,26351.0,21138.0,67.0,529.0,49.0,3762.0,111.0,2165.0,11058.0,137.0,10.0,453.0,0.0,3401.0,500.0,228.0,68.0,824.0,55.0,3869.0,656.0,560.0,47.0,43144.0,833.0,278.0,1448.0,463.0,1811.0,2396.0,1024.0,24673.0,1833.0,570.0,550.0,32.0,56860.0,660.0,3431.0,795.0,59.0,8798.0,21098.0,15.0,35.0,78.0,140.0,938.0,307.0,412.0,589364.0,16.08411878029943,2590.955723849541,19607.30336761343,164558.39819875796,43826.654581441864,60547.50693110125,1533.9138689588638,7495.938956938671,22040.24425255811
ECU,AZU,104.0,709.0,13.0,4949.0,2322.0,18.0,126.0,8194.0,49958.0,93.0,168.0,4.0,120.0,3.0,21425.0,27.0,274.0,93.0,6.0,4.0,20.0,0.0,877.0,3740.0,2416.0,62.0,25.0,26.0,724.0,34.0,486.0,23.0,15016.0,25.0,48.0,40.0,30.0,428.0,2226.0,9.0,23849.0,37.0,1039.0,62.0,2.0,417.0,33.0,3797.0,11.0,3.0,3444.0,384.0,9.0,1.0,0.0,283.0,128.0,10.0,26.0,295796.0,63.926669690600455,1633.1085075461658,4341.404751503189,32755.28303613971,4232.301269742052,13554.593067366131,245.4346167032403,618.3128072573155,8721.635274051589
ECU,BAL,187.0,34.0,3.0,63.0,9018.0,54.0,23.0,36253.0,24.0,353.0,240.0,4.0,61.0,5.0,59.0,9.0,64.0,694.0,14.0,2.0,38.0,0.0,132.0,46.0,230.0,8.0,59.0,8.0,104.0,26.0,8150.0,86.0,84.0,113.0,26.0,81.0,56.0,77.0,537.0,40.0,169.0,78.0,55.0,31.0,1.0,605.0,31.0,7914.0,3287.0,6.0,46779.0,166.0,2.0,5.0,1.0,30.0,163.0,39.0,9.0,1135041.0,68.36718909625874,2075.2691318223724,52.02912500731661,150059.74920529092,694.8319277099258,5958.674783444636,37.46173570247189,16999.616901926078,0.0
ECU,BNA,293.0,59.0,5.0,57.0,3865.0,87.0,9.0,94.0,41.0,48.0,368.0,7.0,89.0,9.0,83.0,16.0,112.0,1201.0,25.0,3.0,66.0,0.0,1741.0,80.0,13.0,14.0,103.0,14.0,97.0,45.0,1196.0,23.0,146.0,195.0,45.0,140.0,98.0,119.0,89.0,70.0,87.0,61.0,97.0,54.0,1.0,1676.0,18.0,72.0,71.0,10.0,35549.0,385.0,4.0,10.0,2.0,36.0,197.0,68.0,15.0,732545.0,4.713961423574486,110.47351022489867,11.376557230747194,13.01168825013544,2601.304958108638,774.2429894551271,44.047882633764836,46.53351340870031,0.2949392644143006
ECU,CAN,16.0,880.0,1.0,708.0,80.0,449.0,2.0,27.0,11.0,71.0,2070.0,2.0,23.0,3.0,27.0,4.0,29.0,306.0,32.0,1.0,17.0,0.0,65.0,20.0,74.0,4.0,31.0,3.0,119112.0,12.0,90.0,3.0,104.0,57.0,24.0,36.0,25.0,32.0,30.0,18.0,427.0,16.0,106530.0,14.0,0.0,95560.0,5.0,36.0,18.0,3.0,1631.0,105.0,1.0,2.0,0.0,9.0,50.0,17.0,4.0,188699.0,96.8941592478669,231.04012321182094,12.818644907185146,2830.627569985216,113.17932109560176,7592.736547633273,46.2289963153386,9354.887173277131,45.58746432656402
ECU,CAR,54.0,81070.0,4.0,65090.0,6228.0,26471.0,8.0,239.0,36.0,2844.0,185767.0,6.0,78.0,8.0,140.0,14.0,98.0,1043.0,3651.0,2.0,57.0,0.0,3952.0,69.0,922.0,12.0,89.0,11.0,77956.0,82.0,8023.0,11.0,21100.0,254.0,1235.0,122.0,85.0,104.0,205.0,60.0,6032.0,53.0,66808.0,47.0,1.0,63598.0,17.0,1431.0,61.0,9.0,149004.0,5557.0,4.0,8.0,1.0,32.0,171.0,59.0,13.0,2277243.0,0.0,1489.6973768100072,0.5399234125374571,0.0,1395.830363859848,10493.345138639346,0.0,0.0,968.5871972782612
ECU,CAU,873.0,61.0,43.0,37.0,1017.0,36.0,9.0,18.0,29.0,16.0,117.0,913.0,42.0,5.0,44.0,22.0,125.0,8780.0,560.0,1.0,1261.0,0.0,60.0,437.0,7.0,47.0,100.0,113.0,37.0,87.0,14.0,69.0,65.0,699.0,15.0,21420.0,36.0,3027.0,33.0,51.0,39.0,854.0,37.0,130.0,6.0,196.0,8.0,211.0,201.0,23.0,63.0,76.0,15.0,6.0,4.0,56.0,6440.0,159.0,9.0,79389.0,609.5589554983164,418.91811555345043,4114.609695246421,29964.20365226693,1680.6433965012031,1928.8014308685672,37.226906925241835,6702.715165177222,4320.322681962644
ECU,CEM,203.0,252.0,134.0,98.0,209.0,120.0,391.0,137.0,448.0,37.0,265.0,17.0,125593.0,40.0,82.0,33.0,407.0,1612261.0,134.0,5.0,939.0,0.0,188.0,3140.0,15.0,46.0,894.0,29.0,99.0,69.0,37.0,27.0,134.0,681.0,125.0,785.0,210.0,6349.0,57.0,369.0,91.0,153.0,751.0,149.0,4.0,371.0,256.0,1416.0,87.0,9.0,142.0,1063.0,7.0,6.0,2.0,166.0,269.0,51.0,189.0,-106575.0,152.25859736901953,186.69681379521464,53.66011636000419,15646.817411010916,114.10625334742893,3241.28949106601,0.0,847.3730523789379,12.79826467246705
ECU,CER,22.0,21.0,2.0,72426.0,18.0,4474.0,3.0,20600.0,15.0,52712.0,127228.0,2.0,32.0,627.0,30.0,6.0,40.0,430.0,9.0,1.0,24.0,0.0,862.0,29.0,5.0,5.0,37.0,4.0,26074.0,16.0,26.0,4.0,52.0,70.0,16.0,50.0,35.0,43.0,386190.0,25.0,333.0,22.0,35.0,19.0,0.0,145431.0,6.0,26.0,25.0,4.0,754.0,341.0,2.0,3.0,1.0,13.0,71.0,24.0,6.0,69052.0,0.002157515354447756,412.1889934365349,0.0,12.947249642040983,1357.6488995165669,3783.2452455735515,0.0,235.96745431595104,0.0
ECU,CHO,514.0,559.0,40.0,520.0,786.0,707.0,76.0,578.0,330.0,957.0,2969.0,56.0,740.0,76.0,211932.0,131.0,907.0,9692.0,200.0,23.0,530.0,0.0,1212.0,643.0,535.0,112.0,1126.0,109.0,877.0,359.0,1951.0,244.0,3049.0,1578.0,362.0,1133.0,790.0,981.0,2055.0,561.0,14010.0,491.0,779.0,436.0,8.0,4423.0,145.0,614.0,571.0,81.0,9851.0,1772.0,34.0,77.0,14.0,310.0,1687.0,550.0,125.0,307753.0,374.6280107670011,49620.54126708801,6073.481161213408,4729.997867754945,72758.89452881811,81055.56438167709,826.8678983591554,4541.458506401787,2784.566377920512
ECU,CIN,39.0,50.0,3.0,37544.0,32.0,315163.0,266134.0,329879.0,25.0,41.0,238.0,4.0,56.0,6.0,6381.0,11291.0,70.0,748.0,15.0,2.0,41.0,0.0,38.0,50.0,8.0,9.0,64.0,8.0,647610.0,59337.0,13.0,8.0,91.0,122.0,28.0,87.0,61.0,74.0,56.0,43.0,2514.0,38.0,60.0,34.0,1.0,306.0,11.0,27358.0,44.0,6.0,2681.0,102.0,3.0,6.0,18196.0,23.0,123.0,42.0,10.0,47815.0,10124.229965958564,29042.342001522786,942.5436293862914,2676.7847150648845,13475.12382656541,29918.236295793882,0.0,18919.693092294317,19449.046473413862
ECU,COM,74430.0,70527.0,5886.0,68281.0,60766.0,102977.0,11255.0,50171.0,48366.0,57147.0,436962.0,8198.0,106054.0,11227.0,99127.0,19224.0,133456.0,1426726.0,29368.0,3385.0,78068.0,0.0,72349.0,94609.0,15903.0,16546.0,122276.0,16112.0,114969.0,52912.0,24263.0,14785.0,173355.0,232255.0,53294.0,166650.0,116226.0,141845.0,106340.0,82594.0,103014.0,72315.0,114618.0,64205.0,1205.0,557786.0,21406.0,85508.0,84114.0,11959.0,182766.0,195319.0,5006.0,11344.0,2031.0,43104.0,234251.0,80975.0,18397.0,6104609.0,10056.305861330957,104756.84894596417,52975.15642069888,33201.363423727395,196729.19064960445,301309.8543486458,3279.7395076999946,45414.88476188061,9353.656080447756
ECU,CON,9402.0,36663.0,45.0,526.0,117847.0,793.0,87.0,387.0,373.0,440.0,3367.0,63.0,817.0,88.0,764.0,148.0,1028.0,16701.0,226.0,26.0,602.0,0.0,19905.0,879.0,123.0,54311.0,2145.0,541.0,902.0,408.0,2419.0,747742.0,1336.0,1790.0,411.0,1284.0,896.0,29714.0,819.0,636.0,794.0,557.0,883.0,495.0,9.0,4298.0,165.0,659.0,15221.0,92.0,4191.0,41959.0,256.0,94.0,16.0,332.0,3520.0,624.0,142.0,19065851.0,77.48014018276011,807.1130147948082,408.15410770890753,255.80430108245514,1515.7261005936552,2321.481672822779,25.26918734608774,349.9049935687514,72.06648189979586
ECU,CUE,0.0,10723.0,141.0,0.0,0.0,0.0,0.0,0.0,0.0,0.0,0.0,0.0,91.0,0.0,0.0,0.0,0.0,0.0,43885.0,0.0,0.0,0.0,1138.0,1363.0,0.0,0.0,0.0,0.0,0.0,0.0,0.0,0.0,0.0,0.0,0.0,863.0,0.0,25418.0,0.0,151.0,0.0,0.0,0.0,0.0,0.0,0.0,0.0,0.0,0.0,0.0,0.0,0.0,0.0,0.0,0.0,13552.0,872.0,8121.0,0.0,256205.0,14.312275202210351,8376.416274895219,241.703452989558,357.4711775315201,6886.53537711111,10303.176181688716,8.328732331910649,1522.2714631203285,12.785065129427418
ECU,CUL,80.0,76.0,6.0,74.0,66.0,111.0,12.0,54.0,52.0,62.0,472.0,9.0,114.0,12168.0,107.0,25598.0,144.0,1540.0,32.0,4.0,84.0,0.0,78.0,102.0,17.0,18.0,97076.0,141589.0,77818.0,57.0,26.0,16.0,187.0,251.0,58.0,180.0,125.0,153.0,115.0,89.0,111.0,78.0,124.0,69.0,1.0,603.0,23.0,92.0,91.0,13.0,197.0,211.0,5.0,70.0,2.0,47.0,253.0,87.0,20.0,6589.0,10.852267191722099,113.04840272370278,57.16816492339747,35.82926692685854,212.3003984544859,325.1586707862524,3.539332429582322,49.00949421321274,10.09400235078574
ECU,DEM,2983.0,211.0,34.0,2890.0,4128.0,175.0,24.0,495.0,96.0,99.0,775.0,28.0,999.0,35.0,169.0,39.0,227.0,232410.0,205.0,6.0,16208.0,0.0,240.0,919.0,28.0,673.0,213.0,57.0,199.0,124.0,288.0,26.0,297.0,1645.0,1479.0,17857.0,9592.0,36487.0,183.0,3153.0,179.0,535.0,552.0,272.0,2.0,53880.0,294.0,5451.0,2621.0,20.0,6244.0,1047.0,33.0,19.0,3.0,11254.0,421.0,406.0,7009.0,792008.0,3210.8695211883396,2753.4159331768383,2339.8166187308034,14028.460866284133,2836.878052233524,10948.466119344812,196.24613671443413,15290.456200172901,4260.390552154216
ECU,DOM,0.0,0.0,0.0,0.0,0.0,0.0,0.0,0.0,0.0,0.0,0.0,0.0,0.0,0.0,0.0,0.0,0.0,0.0,0.0,0.0,0.0,0.0,0.0,0.0,0.0,0.0,0.0,0.0,0.0,0.0,0.0,0.0,0.0,0.0,0.0,0.0,0.0,0.0,0.0,0.0,0.0,0.0,0.0,0.0,0.0,0.0,0.0,0.0,0.0,0.0,0.0,0.0,0.0,0.0,0.0,0.0,0.0,0.0,0.0,503284.0,0.0,0.0,0.0,0.0,0.0,0.0,0.0,0.0,0.0
ECU,EDU,1426.0,18.0,1.0,17.0,3118.0,26.0,3.0,12.0,12.0,14.0,109.0,2.0,27.0,3.0,25.0,5.0,33.0,746.0,7.0,1.0,20.0,0.0,18.0,24.0,4.0,10429.0,31.0,4.0,29.0,13.0,728.0,466.0,43.0,58.0,13.0,41.0,29.0,1272.0,27.0,21.0,26.0,18.0,29.0,16.0,0.0,140.0,5.0,21.0,21.0,3.0,1031.0,49.0,826.0,3.0,1.0,11.0,71.0,20.0,5.0,6329487.0,2.5237830678423485,26.2903262148146,13.294922075208714,8.332387657408962,49.37218568708975,75.6182955316866,0.8231005650191446,11.397556793770404,2.3474424071594746
ECU,ELE,36074.0,50458.0,4470.0,7926.0,19722.0,5507.0,8925.0,5569.0,1779.0,757.0,25010.0,1303.0,40896.0,960.0,2334.0,9091.0,95234.0,22719.0,1957.0,1449.0,6311.0,0.0,19880.0,1292106.0,1142.0,22067.0,7763.0,8970.0,27850.0,11551.0,13190.0,7785.0,3344.0,7210.0,16689.0,12972.0,9505.0,147029.0,2283.0,2704.0,2232.0,12313.0,7011.0,20889.0,702.0,26308.0,3427.0,5044.0,2484.0,955.0,18097.0,23351.0,3098.0,110.0,35.0,99726.0,43147.0,2884.0,8976.0,1409402.0,0.0,0.0,0.0,37056.74476724985,0.0,0.0,0.0,186.25523275014842,0.0
ECU,FID,26.0,28.0,4.0,43.0,63.0,45.0,4.0,28.0,31.0,108.0,167.0,5.0,79.0,20.0,44.0,44.0,58.0,497.0,13.0,48.0,27.0,0.0,2485.0,52.0,71.0,85.0,60.0,37.0,113.0,19.0,2817.0,28.0,70.0,84.0,21.0,59.0,42.0,260.0,217.0,31.0,67.0,25.0,134.0,23.0,0.0,297.0,8.0,38.0,40.0,6.0,11737.0,637.0,4.0,18.0,1.0,46.0,109.0,31.0,17.0,113706.0,0.0,169.67654025605546,425.0435876797892,103.07357321763612,1647.1215243513623,6906.674577666541,14.770681154546574,55.63951567407049,0.0
ECU,FIN,90841.0,106773.0,4884.0,13170.0,6887.0,27160.0,10246.0,10201.0,2694.0,3023.0,29197.0,2814.0,28970.0,4221.0,21476.0,5863.0,601762.0,158841.0,4930.0,5408.0,18679.0,0.0,5236.0,28875.0,1074.0,248515.0,5187.0,19058.0,14170.0,6696.0,11476.0,145726.0,13629.0,12493.0,1470.0,31460.0,12190.0,23226.0,9670.0,4389.0,32536.0,18431.0,20099.0,14571.0,4953.0,49269.0,4574.0,17541.0,1595.0,1901.0,11749.0,3123.0,196536.0,732.0,607.0,108443.0,203308.0,3831.0,6654.0,1637439.0,157.08557137001904,1636.3652516652498,827.5039392706224,518.6253496658862,3073.0287786080175,4706.64191030382,51.23151201008634,709.4079297006779,146.10975740562077
ECU,FRT,257.0,463.0,20.0,25270.0,210.0,356.0,39.0,92086.0,167.0,217.0,1526.0,28.0,366.0,39.0,118192.0,66.0,461.0,4930.0,101.0,12.0,270.0,0.0,1550.0,327.0,55.0,57.0,148343.0,56.0,1957.0,183.0,87.0,51.0,599.0,803.0,184.0,576.0,402.0,490.0,2657.0,285.0,356.0,250.0,396.0,222.0,4.0,1950.0,74.0,295.0,291.0,41.0,1099.0,1416.0,17.0,39.0,7.0,149.0,809.0,280.0,64.0,418818.0,106550.18879087866,503524.6394378829,144968.58841792957,4268.802433726759,1412804.1956851769,398078.0224084973,33415.75441603259,6.556656483393387,9274.251753391945
ECU,FRV,141.0,481.0,11.0,41469.0,115.0,195.0,21.0,129.0,956.0,157.0,827.0,15.0,201.0,21.0,190.0,36.0,252.0,2701.0,56.0,7.0,148.0,0.0,2400.0,179.0,30.0,31.0,232.0,2717.0,217.0,100.0,6993.0,28.0,757.0,439.0,101.0,315.0,220.0,269.0,1325.0,156.0,1580.0,137.0,216.0,121.0,2.0,1055.0,40.0,162.0,159.0,23.0,50580.0,6161.0,10.0,22.0,4.0,81.0,444.0,154.0,35.0,1217143.0,1094.2195056387393,101236.53280250641,28074.05804808443,13038.31233755693,382502.93748188386,471471.60603744444,8255.784591521558,3827.002636621754,7032.546558741935
ECU,GAN,42.0,68.0,3.0,448.0,961.0,58.0,6.0,32.0,27.0,32.0,1045502.0,5.0,60.0,6.0,555.0,11.0,76.0,808.0,22747.0,2.0,44.0,0.0,945.0,54.0,598.0,9.0,69.0,10.0,62697.0,861.0,132.0,8.0,392131.0,132.0,30.0,94.0,66.0,81.0,714.0,47.0,9088.0,41.0,65.0,36.0,1.0,315.0,12.0,48.0,48.0,7.0,6350.0,569.0,3.0,6.0,1.0,24.0,133.0,46.0,10.0,1038624.0,0.22153616363109546,34.59128954982676,0.0,3.0413750464211815,305.65660976415995,1206.837240194418,0.0,0.0,0.651949281542938
ECU,HIL,4023.0,48.0,266.0,29.0,4544.0,52.0,8.0,19.0,38.0,19.0,144.0,117.0,178.0,8.0,41.0,7.0,2616.0,654.0,20923.0,1.0,7129.0,0.0,30.0,2856.0,21.0,11.0,166.0,7.0,41.0,107141.0,670.0,746.0,62.0,474.0,280.0,1002.0,4689.0,3145.0,453.0,29871.0,41.0,4351.0,868.0,2270.0,221.0,726.0,236.0,2083.0,354.0,20923.0,4340.0,2219.0,172.0,4.0,1.0,5865.0,79.0,208345.0,7.0,276542.0,105.00235313620306,22759.47407968315,8235.218082780884,19132.202743369005,14105.889538192498,4994.508979517416,1073.9437123191803,3488.4964134762195,12053.26409752543
ECU,HOT,2646.0,80051.0,260.0,68.0,390.0,75.0,12.0,42.0,68.0,36.0,274.0,8.0,600.0,12.0,81.0,44.0,669.0,1102.0,28.0,7.0,67.0,0.0,29109.0,265.0,13.0,10760.0,85.0,87.0,155.0,45.0,55.0,848.0,137.0,157.0,80.0,132.0,789.0,23622.0,70.0,59.0,70.0,73.0,214.0,50.0,49.0,364.0,20.0,96.0,517.0,26.0,182.0,27492.0,3943.0,39.0,7.0,17742.0,36981.0,57.0,25.0,339690.0,128.00893381471954,1333.473019642991,674.3324423094019,422.6274729181588,2504.209228770968,3835.4395475729675,41.74852707941841,578.0960780082388,119.06474988313609
ECU,INM,74142.0,24543.0,3098.0,5243.0,26383.0,3043.0,979.0,2563.0,3236.0,554.0,1975.0,744.0,6670.0,5438.0,4508.0,6814.0,239230.0,27563.0,3231.0,2564.0,15220.0,0.0,9869.0,17558.0,695.0,68933.0,6456.0,7418.0,12504.0,3775.0,12325.0,279819.0,3232.0,15380.0,3845.0,16628.0,2166.0,73947.0,2335.0,8196.0,5681.0,10041.0,9934.0,7579.0,3615.0,1426.0,2719.0,9529.0,519.0,10313.0,81210.0,5536.0,19575.0,773.0,3.0,39316.0,106215.0,9229.0,3698.0,5322412.0,14.239449730142093,148.33278790674342,75.01134981380916,47.01220825653899,278.56306871873795,426.6463832103581,4.644020030002753,64.30621517327302,13.244517160394508
ECU,LAC,256.0,610.0,20.0,621.0,16147.0,388.0,39.0,222.0,167.0,361.0,1504.0,28.0,370.0,39.0,1703.0,66.0,459.0,4902.0,101.0,12.0,268.0,0.0,1766.0,325.0,196.0,57.0,420.0,56.0,429.0,182.0,2982.0,91.0,31934.0,798.0,183.0,573.0,399.0,492.0,1403.0,284.0,13927.0,248.0,400.0,221.0,4.0,2100.0,74.0,407.0,289.0,41.0,51591.0,2019.0,17.0,39.0,7.0,153.0,832.0,278.0,63.0,1160414.0,53.70190674212827,78.48587332519044,3.428415585868663,20931.182709718323,186.91324276696722,62.2878518615211,0.0,0.0,0.0
ECU,MAD,88.0,42888.0,2.0,1253.0,5054.0,42.0,5.0,3588.0,20.0,23.0,178.0,3.0,411.0,5.0,40.0,8.0,769.0,820111.0,12.0,1.0,84.0,0.0,15149.0,39.0,6.0,7.0,98.0,127.0,47.0,22.0,10.0,8.0,204.0,125457.0,2676.0,28217.0,48.0,313.0,43.0,283963.0,42.0,30.0,46.0,26.0,0.0,251.0,9.0,37.0,44.0,5.0,77.0,4138.0,2.0,5.0,1.0,23.0,95.0,33.0,13.0,-141374.0,760.291774522539,132596.73023217937,214.62435113840112,40250.19600661765,34607.32594398043,65748.67893673177,240.1841837775102,23174.502870337874,13229.465700714496
ECU,MAN,93.0,3201.0,1772.0,9397.0,6990.0,7481.0,6.0,360.0,10043.0,108.0,1577.0,1604.0,37288.0,15007.0,5067.0,35697.0,10538.0,4278.0,2771.0,44210.0,187.0,0.0,4297.0,18663.0,3499.0,75451.0,16797.0,29651.0,54246.0,632.0,4893.0,1824.0,8418.0,4252.0,3219.0,2216.0,1934.0,197904.0,1532.0,2363.0,44.0,80.0,89005.0,562.0,0.0,1577.0,616.0,2789.0,9968.0,2058.0,3861.0,24514.0,2529.0,13736.0,1.0,27254.0,13679.0,2661.0,10015.0,104769.0,16.41920735597167,570.5499115713949,188.16387214319838,204.87621677259978,1098.9269260409858,22991.03309046043,0.0,396.85184709955035,150.17892855586652
ECU,MAQ,55825.0,1098.0,328.0,5042.0,46283.0,1161.0,915.0,2130.0,3011.0,783.0,2802.0,1912.0,9851.0,219.0,1006.0,168.0,1743.0,36741.0,2575.0,76.0,9518.0,0.0,14939.0,9277.0,248.0,2383.0,3279.0,160.0,1294.0,5899.0,1081.0,3707.0,1868.0,3181.0,124642.0,198172.0,3511.0,8471.0,1205.0,1588.0,1556.0,928.0,1560.0,9755.0,10.0,9868.0,1315.0,2076.0,4816.0,80.0,3813.0,19688.0,2195.0,84.0,20.0,18448.0,5169.0,3259.0,3078.0,1400671.0,37992.183863615974,23389.920312326845,25588.845329958018,85797.28493806375,32247.666003023045,91560.28282414642,1949.1304312973882,18867.428036660305,68584.25826090827
ECU,MET,254.0,992.0,188.0,235.0,232.0,287.0,31.0,147.0,135.0,159.0,1234.0,95.0,15432.0,32.0,276.0,54.0,372.0,95292.0,84.0,9.0,219471.0,0.0,448.0,1995.0,44.0,56.0,341.0,46.0,320.0,165.0,72.0,41.0,483.0,14043.0,4177.0,201014.0,160045.0,79818.0,296.0,24231.0,287.0,945.0,325.0,1315.0,3.0,2411.0,5457.0,6105.0,2127.0,33.0,605.0,581.0,14.0,32.0,6.0,1536.0,655.0,230.0,164.0,14961.0,4412.388429669427,34813.27359097232,7354.15361490933,46546.35479465324,14106.164747972323,264629.27054497926,34.14860603573575,22373.809988780016,22931.435682028383
ECU,MIP,2938.0,2131.0,275.0,457.0,969.0,303.0,384.0,274.0,190.0,48.0,976.0,53.0,129990.0,611.0,151.0,608.0,7989.0,237250.0,94.0,200.0,429.0,0.0,732.0,99667.0,71.0,1067.0,886.0,673.0,1353.0,437.0,504.0,2423.0,245.0,523.0,525.0,2415.0,274704.0,1284888.0,141.0,164.0,157.0,571.0,884.0,728.0,77.0,1460.0,151.0,534.0,1158628.0,95.0,1004.0,891.0,192.0,203.0,2.0,3461.0,26406.0,153.0,655.0,57416.0,285.3947235125019,662903.7380066697,644045.8940011116,6394.085108781425,1191.3574877363717,3122941.8396759653,0.0,661494.1174646624,318.573531560696
ECU,MOL,55.0,8409.0,4.0,3866.0,53.0,76.0,8.0,8441.0,67.0,5572.0,16647.0,6.0,78.0,8.0,1800.0,14.0,98.0,1047.0,22.0,2.0,57.0,0.0,4603.0,69.0,36648.0,12.0,90.0,11.0,427.0,39.0,641.0,14.0,17218.0,3692.0,42.0,122.0,85.0,115.0,3039.0,61.0,196060.0,60.0,102.0,47.0,1.0,11721.0,64.0,119.0,62.0,9.0,15827.0,1367.0,4.0,8.0,1.0,32.0,174.0,59.0,14.0,975629.0,0.0,1082.8982557931984,79.86072434686075,124.83175560534525,3454.6051347283924,1125.5810661835294,9.157423593383635,5.0656397492899305,0.0
ECU,MUE,42.0,317.0,4.0,46.0,5167.0,57.0,7.0,33.0,31.0,32.0,237.0,7.0,75.0,8.0,55.0,15.0,75.0,19936.0,21.0,7.0,53.0,0.0,2276.0,62.0,9.0,2448.0,68.0,12.0,70.0,45.0,15.0,8.0,96.0,264.0,208.0,2267.0,66.0,16910.0,59.0,8223.0,57.0,40.0,74.0,48.0,33.0,307.0,13.0,48.0,60.0,8.0,101.0,2434.0,1993.0,8.0,1.0,14222.0,129.0,65.0,15.0,909044.0,227.2871427674206,57.20969063849378,294.94863283713477,780.5824825429089,702.5587482696029,5120.775965713355,204.64878870911733,1400.6457725888504,904.3427759331166
ECU,PAN,17.0,1663.0,1.0,29.0,16875.0,27.0,3.0,17.0,11.0,67.0,112.0,2.0,27.0,3.0,8508.0,4.0,31.0,334.0,7.0,1.0,18.0,0.0,13898.0,22.0,44.0,4.0,29.0,4.0,36.0,12.0,9007.0,17.0,251.0,54.0,13.0,39.0,27.0,35.0,132.0,19.0,1861.0,17.0,27.0,15.0,0.0,187.0,5.0,24.0,20.0,3.0,14721.0,2282.0,1.0,3.0,0.0,12.0,64.0,19.0,4.0,931894.0,0.9295284273424438,444.6581096450103,290.315976426715,1473.8885643897936,360.14932542328165,6457.118248189757,0.0,8529.91864920656,155.02159829154294
ECU,PAP,72750.0,36856.0,12043.0,19190.0,16399.0,2619.0,5157.0,4941.0,7157.0,1628.0,3878.0,1393.0,13496.0,176.0,17192.0,468.0,67871.0,35949.0,3912.0,68.0,2857.0,0.0,44048.0,92242.0,2660.0,32158.0,4929.0,24490.0,1815.0,6196.0,7534.0,9441.0,19513.0,6443.0,1745.0,8183.0,2134.0,14338.0,6192.0,7927.0,10975.0,133870.0,1475.0,4040.0,2150.0,52967.0,2373.0,4516.0,881.0,6538.0,12739.0,26877.0,14156.0,490.0,3413.0,26531.0,26047.0,6957.0,4619.0,296260.0,7349.72080619772,149.33686346007605,1020.0782833460079,23013.896110836504,1705.449098669202,10179.41833471483,4.275610836501902,13232.874336501904,2762.9505554372627
ECU,PES,129.0,123.0,10.0,119.0,106.0,179.0,19.0,89.0,84.0,99.0,762.0,15.0,185.0,19.0,174.0,34.0,232.0,2490.0,52.0,6.0,137.0,0.0,129.0,166.0,28.0,29.0,213.0,28.0,200.0,92.0,42.0,26.0,303.0,406.0,94.0,289.0,202.0,247.0,185.0,144.0,179.0,126.0,223771.0,113.0,2.0,1676714.0,38.0,149.0,147.0,21.0,15471.0,341.0,9.0,19.0,4.0,75.0,409.0,141.0,32.0,318914.0,181.03116592748762,1720.4813479207899,398.75712423983555,1903.000708030687,19676.523738714965,47062.76830347561,0.0,13374.446367688084,1655.9912440025325
ECU,PLS,56738.0,23048.0,2362.0,11801.0,5368.0,27532.0,4886.0,4445.0,33725.0,2063.0,8126.0,465.0,6184.0,7059.0,15738.0,501.0,63146.0,126772.0,5895.0,423.0,1463.0,0.0,8950.0,27381.0,2896.0,7881.0,184472.0,4656.0,2642.0,6785.0,1659.0,4257.0,13729.0,1822.0,642.0,25715.0,782.0,15132.0,2731.0,21463.0,14215.0,28198.0,6417.0,17025.0,457.0,38105.0,956.0,11435.0,2271.0,2548.0,4266.0,5784.0,2206.0,139.0,1024.0,5512.0,4006.0,13557.0,831.0,112253.0,1062.194354645248,9756.688975525103,17081.75515364919,29358.854544444286,3597.268146766891,28481.430752367345,236.08337087098045,17051.19453775607,4901.530163974892
ECU,POS,4006.0,3778.0,3489.0,426.0,374.0,276.0,54.0,166.0,173.0,9.0,688.0,36.0,115.0,35.0,274.0,722.0,28682.0,1635.0,148.0,0.0,557.0,0.0,1306.0,2088.0,65.0,12162.0,46.0,1282.0,20.0,153.0,7176.0,812.0,80.0,550.0,114.0,932.0,162.0,220.0,26.0,192.0,13.0,910.0,347.0,301.0,0.0,546.0,155.0,2297.0,56.0,1118.0,20481.0,1615.0,99.0,43.0,57.0,5423.0,165.0,36.0,38.0,174107.0,0.0,0.0,0.0,0.0,0.0,0.0,0.0,0.0,0.0
ECU,PPR,211.0,545.0,17.0,296.0,2086.0,332.0,32.0,142.0,137.0,13156.0,29748.0,23.0,300.0,32.0,280.0,55.0,377.0,4026.0,86.0,10.0,221.0,0.0,3816.0,267.0,45.0,47.0,345.0,45.0,63475.0,149.0,25100.0,42.0,489.0,655.0,152.0,471.0,328.0,398.0,300.0,234.0,321.0,204.0,59495.0,182.0,3.0,170747.0,61.0,244.0,238.0,34.0,214372.0,1618.0,14.0,32.0,6.0,121.0,661.0,228.0,52.0,564639.0,15428.87941702105,284283.8012266184,167907.9061060099,236826.79531736913,1906311.5312422444,1125523.2264135263,314.6931554714385,58313.97403045447,59223.193091284236
ECU,QU1,82.0,2335.0,334.0,2347.0,1335.0,1154.0,318.0,4347.0,6316.0,246.0,813.0,3074.0,10691.0,4528.0,215.0,3396.0,358.0,4422.0,2651.0,3.0,1980.0,0.0,961.0,431.0,14.0,20.0,141870.0,1650.0,231.0,5690.0,34.0,15.0,6971.0,13592.0,4068.0,8524.0,1679.0,42629.0,95.0,5050.0,1226.0,5020.0,9254.0,13405.0,5.0,1306.0,18671.0,44281.0,135.0,13.0,227.0,11051.0,4.0,28.0,2.0,92.0,231.0,2392.0,1493.0,-9787.0,667.125494653746,921.870257304221,934.9661405319674,13178.846934408866,5419.454922748841,18004.77752536789,164.18117391430195,3453.5287410515934,2833.2488100185715
ECU,QU2,977.0,42204.0,398.0,1586.0,52311.0,865.0,132.0,1170.0,1727.0,2800.0,9656.0,924.0,5146.0,473.0,2359.0,433.0,33888.0,135871.0,1146.0,25.0,4603.0,0.0,51542.0,4593.0,119.0,443.0,13144.0,259.0,1404.0,5706.0,1760.0,132.0,4845.0,3954.0,2635.0,18971.0,2841.0,27967.0,1449.0,15166.0,4739.0,30896.0,2401.0,7434.0,545.0,7931.0,11443.0,31298.0,7156.0,502.0,6320.0,383437.0,37.0,85.0,107.0,441.0,5727.0,1642.0,6841.0,866310.0,12591.967784184324,3334.0662081591327,5621.195983805724,15404.429652469022,8067.8846127133875,30692.340305741192,303.63080766769497,27858.18091628254,4926.303728976988
ECU,REF,80778.0,38715.0,2935.0,6288.0,17987.0,2046.0,5754.0,5841.0,2583.0,816.0,8059.0,517.0,96776.0,38182.0,1244.0,11591.0,52398.0,80391.0,761.0,9335.0,7659.0,0.0,3055.0,358121.0,2447.0,2600.0,24269.0,15856.0,8860.0,5186.0,3575.0,14891.0,5107.0,16506.0,658.0,12767.0,5538.0,113870.0,3159.0,1724.0,2382.0,5786.0,42525.0,1412.0,3517.0,28225.0,638.0,14741.0,13580.0,1477.0,6930.0,10741.0,29.0,4736.0,16.0,19486.0,646545.0,1226.0,28110.0,1028621.0,6669.3491350801905,69474.81605526905,35133.16107594655,22019.167623468926,130470.93789670337,199828.90777203502,2175.1255531195916,30119.18358321767,6203.351305159627
ECU,REP,92862.0,22673.0,1274.0,114.0,101.0,172.0,19.0,84.0,81.0,95.0,729.0,14.0,177.0,19.0,165.0,32.0,78902.0,2381.0,49.0,6.0,130.0,0.0,2209.0,13781.0,27.0,42083.0,204.0,27.0,192.0,88.0,40.0,25.0,289.0,388.0,89.0,278.0,452.0,268758.0,177.0,138.0,172.0,121.0,191.0,107.0,358.0,931.0,36.0,143.0,3865.0,20.0,305.0,4918.0,1135.0,19.0,3.0,38653.0,158388.0,135.0,31.0,464734.0,16.77651586676256,174.76148425953073,88.37624516309792,55.38845058582905,328.1951080147071,502.66266977115885,5.471452703258841,75.76375910806327,15.604314527591665
ECU,RES,7793.0,46567.0,191.0,429.0,1048.0,372.0,76.0,190.0,537.0,148.0,1095.0,52.0,794.0,86.0,461.0,359.0,3442.0,5806.0,173.0,52.0,355.0,0.0,7006.0,1379.0,73.0,40963.0,390.0,853.0,1164.0,229.0,242.0,2776.0,749.0,688.0,155.0,632.0,1132.0,81547.0,306.0,274.0,323.0,398.0,4698.0,217.0,495.0,1571.0,116.0,629.0,428.0,223.0,838.0,49707.0,1490.0,382.0,71.0,44312.0,75776.0,249.0,177.0,2747079.0,23.404767187043255,243.80818310791224,123.2929089290408,77.27193185449785,457.86205884553755,701.2601932991147,7.633174713493331,105.69734247696553,21.769439586394707
ECU,SAL,348.0,1187.0,58.0,142.0,145.0,196.0,22.0,162.0,131.0,104.0,1001.0,15.0,207.0,172.0,178.0,60.0,382.0,2541.0,55.0,39.0,164.0,0.0,300.0,505.0,31.0,55.0,232.0,220.0,597.0,106.0,105.0,75.0,321.0,434.0,97.0,338.0,217.0,790.0,196.0,155.0,189.0,166.0,299.0,134.0,11.0,1096.0,44.0,166.0,150.0,27.0,427.0,771.0,12.0,26.0,4.0,115.0,438.0,151.0,40.0,4893244.0,17.706330681230792,184.44739391762033,93.27437434870113,58.458277617506035,346.38486063626647,530.5220418091486,5.774700279844842,79.96285897945236,16.469161730229366
ECU,SEG,24356.0,36048.0,14099.0,2878.0,6467.0,2884.0,5010.0,2166.0,1924.0,854.0,1076.0,618.0,5268.0,50.0,1559.0,684.0,32770.0,20996.0,865.0,669.0,2763.0,0.0,846.0,18774.0,526.0,13427.0,261.0,2079.0,1888.0,1503.0,2768.0,7417.0,1218.0,2214.0,418.0,2947.0,3579.0,8093.0,896.0,1306.0,908.0,5538.0,14599.0,3314.0,771.0,2153.0,1019.0,5425.0,892.0,801.0,2271.0,2575.0,416684.0,76.0,186.0,24077.0,26934.0,919.0,1980.0,618239.0,0.0,0.0,0.0,0.0,0.0,0.0,0.0,0.0,0.0
ECU,SIL,12.0,11.0,1.0,11.0,10.0,17.0,2.0,8.0,8.0,9.0,71.0,2488.0,17.0,91.0,16.0,35.0,22.0,529422.0,5.0,1.0,13.0,0.0,12.0,15.0,3.0,3.0,4235.0,145.0,19.0,9.0,4.0,2.0,28.0,381352.0,9.0,27.0,19.0,28163.0,17.0,6341.0,17.0,12.0,18.0,10.0,0.0,90.0,3.0,14.0,14.0,2.0,30.0,32.0,1.0,17987.0,0.0,7.0,38.0,13.0,3.0,464808.0,774.7615526212667,8070.7150375341635,4081.331157266835,2557.9114468089083,15156.481445109914,23213.622755140444,252.6788771361666,3498.8699742644544,720.6277541178456
ECU,TAB,0.0,0.0,0.0,0.0,0.0,0.0,0.0,0.0,0.0,0.0,0.0,0.0,0.0,0.0,0.0,0.0,0.0,0.0,0.0,0.0,0.0,0.0,0.0,0.0,0.0,0.0,0.0,0.0,0.0,0.0,0.0,0.0,0.0,0.0,0.0,0.0,0.0,0.0,0.0,0.0,0.0,0.0,0.0,0.0,0.0,0.0,0.0,0.0,0.0,0.0,0.0,0.0,0.0,0.0,0.0,0.0,0.0,0.0,0.0,83425.0,0.0,2327.719615751362,0.011948917289505409,129.2252089899445,4391.159199070593,10678.053470117173,0.9356585111696858,76.42381779864128,4.4710808438279805
ECU,TEL,52864.0,34434.0,7217.0,2428.0,48228.0,1183.0,452.0,4077.0,1335.0,185.0,2483.0,300.0,1689.0,298.0,1006.0,3208.0,111171.0,8852.0,962.0,459.0,3145.0,0.0,16915.0,12736.0,364.0,51669.0,1115.0,4381.0,5136.0,2719.0,6558.0,4944.0,1660.0,2739.0,30190.0,6939.0,1497.0,17151.0,476.0,1391.0,700.0,6153.0,13078.0,3542.0,3891.0,2763.0,1026.0,4636.0,175.0,1229.0,10648.0,12635.0,10584.0,956.0,283.0,189342.0,27211.0,2113.0,1695.0,2841121.0,853.5832827506167,8891.803436264216,4496.5525656578275,2818.145069751354,16698.45276020039,25575.30152190375,278.38560741418553,3854.8336690762103,793.9420869814473
ECU,TRA,259477.0,28631.0,18737.0,48837.0,28453.0,37420.0,18129.0,9713.0,36418.0,3152.0,30309.0,1802.0,65737.0,49975.0,15231.0,70650.0,1466196.0,386866.0,3979.0,16011.0,18400.0,0.0,21829.0,60436.0,1767.0,42690.0,137860.0,78839.0,143566.0,3282.0,5985.0,353740.0,22117.0,11305.0,1162.0,22667.0,18037.0,621155.0,6309.0,8124.0,11902.0,35410.0,56612.0,18273.0,1021.0,114191.0,11142.0,39581.0,31873.0,2558.0,11231.0,9292.0,8656.0,58510.0,291.0,54616.0,719262.0,2334.0,18373.0,3806142.0,5340.550783723637,55632.68256289323,28133.244656801,17632.077812499345,104475.96242523285,160015.0791925438,1741.7544414205381,24118.249957015512,4967.398167870088
ECU,VES,0.0,52992.0,1.0,0.0,415.0,0.0,0.0,0.0,0.0,0.0,0.0,0.0,0.0,0.0,0.0,0.0,0.0,0.0,0.0,0.0,3640.0,0.0,10213.0,72.0,0.0,1021.0,0.0,0.0,0.0,624.0,0.0,0.0,0.0,0.0,0.0,0.0,3150.0,5786.0,0.0,709.0,0.0,0.0,0.0,0.0,0.0,0.0,0.0,0.0,669.0,0.0,0.0,13667.0,969.0,0.0,0.0,22493.0,367.0,3941.0,0.0,718385.0,4548.626658469671,1839.2455841439626,1063.5032808171686,15936.881308246395,6028.318960994952,6274.616674612211,130.11731537923717,3010.4846276270564,927.2055897093413
ECU,VID,58.0,56.0,5.0,1315.0,929.0,80.0,10.0,3991.0,15485.0,45.0,341.0,6.0,442.0,9.0,77.0,15.0,257.0,394995.0,23.0,3.0,672.0,0.0,56.0,78.0,12.0,13.0,95.0,13.0,90.0,41.0,123.0,12.0,135.0,1095.0,142.0,2839.0,473.0,1279.0,83.0,477.0,80.0,57.0,92.0,51.0,1.0,468.0,671.0,2938.0,90.0,9.0,927.0,582.0,4.0,9.0,2.0,35.0,183.0,63.0,4703.0,24323.0,32.80225588292144,50.31794656961807,5529.654592890689,5370.107230764831,187.18761159846025,21285.970305285537,6.703242133269315,3417.194980338353,2271.061834536327
,va,6387578.0,6849432.0,422601.0,290374.0,1512592.0,422670.0,142173.0,749299.0,337060.0,142971.0,922857.0,98976.0,735420.0,713959.0,97642.0,1440111.0,8583174.0,11871200.0,164380.0,261520.0,484530.0,503284.0,5419378.0,1171647.0,49252.0,2586864.0,2321320.0,1713947.0,611861.0,389722.0,303393.0,4653044.0,368321.0,520667.0,538089.0,873936.0,349476.0,3824236.0,553779.0,388376.0,437097.0,597125.0,1068581.0,389676.0,133548.0,1590722.0,180215.0,1040474.0,961106.0,1053366.0,1846289.0,3272944.0,506857.0,1281285.0,54255.0,1838837.0,5139081.0,410335.0,301739.0,0.0,0.0,0.0,0.0,0.0,0.0,0.0,0.0,0.0,0.0
AFR,imports,146.4766292710798,244.45409961831393,0.0,0.2102241217976829,0.0,213.11088740586123,0.0,0.0,87.43174332612249,0.0,0.0,0.548193319603715,61.605076309810144,0.0,0.0,0.15626368509551772,693.0947887594716,719.5373641763349,4.82207641473061,3.065173042047233,322.6488045139368,0.0,285.86777484702833,0.0,0.0,146.77681537740565,2.799040129916562,95.84003113269486,0.0,172.84055988414198,47.78089544034597,45.5868078995643,0.0,0.01086479306033525,10.772361727933957,1086.1182574481757,257.44181709007705,12.05211804462107,0.0,1.1249664102099066,0.0,374.0239594211277,201.66405074800338,463.48656973951614,0.3252925806731038,0.0,242.53347099371302,136.47294172556556,1343.006441641668,33.308650357916406,143.17349051565424,458.8535662712837,92.6199670386986,11.568626744877697,2.034531489600292,205.03911806480914,1342.4901215387877,25.149118395151493,109.88335653223572,8663.9659428475,0.0,0.0,0.0,0.0,0.0,0.0,0.0,0.0,0.0
ASI,imports,34625.54232764734,57786.391014201494,1608.9824548333022,598.2550605919745,0.0,823.4470833712251,1135.9149503390997,37.46922715402966,1862.4002043343858,4470.104647369853,2097.6299333597153,21547.329747440443,18136.271253263752,94.47945118323905,770.8166271036404,13022.428343225543,163840.35504291314,170091.10315819204,24210.26430336346,724.5748310643634,101186.84869081168,0.0,67576.15045713272,0.0,243.83402785713665,34696.50318182921,105883.1294113853,8325.72926813218,0.0,45119.11247906624,11294.903669996194,10776.24433579414,0.0,8523.369145841205,21692.127366445537,215830.70549066734,111375.33762761542,4024.6909806738445,9957.263008962793,25763.52349156829,260.3016905276265,24140.90333021824,29741.348107788053,173652.61024206172,76.89576198617532,52814.00923574961,35050.35031143526,44159.42050224662,317472.66866242664,7873.816380020649,33844.714892176984,108468.18130771384,21894.39096901003,2734.702300434517,0.0,48469.10184038667,317350.6159932338,22050.04850679069,16145.272755728809,2048070.8831998755,0.0,0.0,0.0,0.0,0.0,0.0,0.0,0.0,0.0
CAR,imports,6254.0667968737025,10437.38018406466,0.0,18359.335073698952,0.0,15963.122188492724,470.2423663831757,8670.001948511925,7192.567628886093,3088.1534316359907,12146.696747464764,308.0926960086946,788.0890767286154,3345.559405697349,14077.639142890575,11082.86927803042,29592.851276259094,30721.861643041782,130.8446236582205,130.87273406232612,7337.47980774943,0.0,12205.606913975838,0.0,818.3668776921157,6266.883749105589,0.0,22919.27257682791,20051.48238355754,591.1685286763582,2040.085938524266,1946.4056694839257,7131.971383726501,8070.099172650453,375.610516135322,10781.701089646156,8371.260672947605,144.12243092813236,84338.93266503433,178.78354710383076,842.3254445178471,19733.594730059853,5955.710756803244,26603.410872392873,13.888915509463384,8783.133339261776,5606.119456438626,22474.565040176916,57341.92571508741,1422.1690196502207,6113.033715223916,19591.527110672756,3954.565745176036,493.942035467426,0.0,8754.491052468336,57319.880557248565,217.60941996767065,554.9504252964944,369922.64228123764,0.0,0.0,0.0,0.0,0.0,0.0,0.0,0.0,0.0
COL,imports,11097.303106955953,18520.232563393947,0.0,2394.690135863687,0.0,5208.768417580838,7751.693093633151,222.23806149146998,11456.084155654966,9854.792070777949,0.0,1508.272264919639,13876.79386106513,163.5108889580451,14201.007251106834,4017.676666438117,52509.96688680672,54513.298584086646,1903.1477675963963,232.2223995195683,19288.901784183963,0.0,21657.798665734725,49220.62421010398,264.3650952252744,11120.04568525648,1753.6676843825976,1296.0006152474111,8051.314589914587,16041.757317427508,3619.956863166148,3453.7292908604745,2335.0832861452623,578.9045898672815,6511.955198959058,33280.95237297201,7777.477791531359,7551.18216359752,23479.983942638548,2372.7565371106125,20981.961841926583,36630.23558048626,12758.126049995091,95308.36712641014,24.64468484929892,125.2573144120087,10977.545663607534,84391.37090027716,101748.31050972664,2523.516488226534,10847.05204536542,34763.47818733908,7017.036458987127,876.4576175599663,376.296598731364,15534.09068239232,101709.19327504974,13881.851034011777,4542.0337200127515,656395.8814084018,0.0,0.0,0.0,0.0,0.0,0.0,0.0,0.0,0.0
EUR,imports,19882.469420777506,33181.75182369826,41.648575153659905,3146.0867982654568,0.0,14435.135339442686,307.1882497567118,3237.9311822453037,24112.22950193852,10357.964726227621,8053.154766733357,2525.8221877845353,10080.956287518135,340.41499583669366,7417.092298138912,30612.107998106956,94079.41739093006,97668.68415484097,1502.9399176382758,416.0609756052616,55370.90695796436,0.0,38803.16826012561,0.0,629.863032574511,19923.21613313201,642.7006664174149,4121.397284563683,3810.28881161023,2748.1978110803425,6485.691247932162,6187.869823086515,1319.2543776625575,7251.723678940321,23795.01351049375,92083.21444522189,21249.52642727915,38804.88626117373,23846.069579036513,3598.534434665149,1436.5808774246652,46518.54827523582,83560.63765100148,44704.541914953465,44.15461920597149,16489.9386378689,24936.926642150418,99810.41303191705,182297.23499733585,4521.255202855752,19434.107415014856,62283.94280646358,12572.064714790185,1570.3042092110263,177.86286301027474,27831.63440662034,182227.1506520861,7979.51882189089,3180.271258491796,1176030.8711263759,0.0,0.0,0.0,0.0,0.0,0.0,0.0,0.0,0.0
NAM,imports,48587.37606136726,81087.22413264198,14791.368970013038,19969.02574178044,328014.0,2397.0491311875935,783.2881044023336,12654.847835857077,19257.37644180038,34147.85784722718,48880.14513894464,6601.76199999313,23290.68735093595,10805.2297525528,8103.233072414492,65860.65423826162,229904.64291274647,238675.8398074573,7253.6353885694925,1016.740459063242,82498.88084056937,0.0,94824.44502879595,0.0,1201.2967396052043,48686.95000233677,760.5589161544349,12149.064318850305,6370.7745752893115,11410.611889594034,15849.27470588185,15121.47971915923,2078.326653422015,23681.09601332186,61593.26905318319,137828.38372236467,28667.923232262736,313290.0240414384,14160.93492589339,3812.4734720278357,4008.45307351861,85776.08269141303,14770.317915076434,71090.41331767575,107.90194330514463,17654.49738021377,37737.85035332471,130378.29272342741,445485.12180820596,11048.724489977125,47491.700623644545,152205.10529541635,30722.724790262473,3837.398641435983,2524.109237805084,68012.98463981593,445313.8546297384,27336.33627846739,3128.8602312053986,2873901.273826784,0.0,0.0,0.0,0.0,0.0,0.0,0.0,0.0,0.0
OCE,imports,192.5223156015833,321.2995107207179,0.0,0.0,0.0,0.0,387.1122147466924,2.7940497510770483,0.0,0.0,317.581115164281,1.814021530325021,0.013148663886994288,0.0,0.0,5971.649872767503,910.9727219105882,945.7276577324842,0.0,4.0287260480467255,314.928539665522,0.0,375.73178904580504,0.0,0.488631780933432,192.91686676369613,0.0,0.0,0.0,10.752574363088648,62.80106715637509,59.91725684420489,0.0,0.0,9.76094817313366,533.1058607051208,2234.161128239635,10.641164149014307,0.0,1.506817122129094,0.0,1035.4689788628386,173.53926078244658,206.36736502691184,0.4275499865804573,0.0,18.969702076210243,239.61479375174838,1765.1874657368714,43.779396948040514,188.1808180868435,603.0965590906984,121.73553292404436,15.205284422079485,0.0,269.49422576955294,1764.5088377380373,1.4411360958615798,0.048178480655733935,11387.52846724324,0.0,0.0,0.0,0.0,0.0,0.0,0.0,0.0,0.0
PER,imports,6028.230440176653,10060.483040047997,0.0,4976.873264298132,0.0,2944.40635554701,641.4497899491394,3889.1005051808816,2728.7778016027746,137726.50339112646,106.94887046333004,1726.9536721210382,8685.759929800735,5.496572901936517,4610.828488618998,9459.33694251984,28524.24393105953,29612.485371607712,1551.3380072287077,126.1468776857374,23050.052444281817,0.0,11764.858535959389,32933.37578989601,407.6021831712747,6040.5845681551355,1905.791783390056,5147.980719267248,42404.90525227165,10957.546486245024,1966.4177813604335,1876.120336863164,31739.348593106428,1705.5903162505458,2152.8655338638823,5206.477030325939,12692.677558186346,6223.5048134411645,14029.076738286203,317.3808585406735,20780.67574373747,8094.344478160227,40495.65620780524,56834.44934700093,13.38738231850062,3859.1640924939425,4550.87841494046,18778.004647579175,55271.29039728723,1370.8140404923756,5892.29010831161,18884.070786890363,3811.765108531742,476.1056302398308,0.0,8438.363574422425,55250.04129716424,4246.129609085917,924.0492069201189,356564.61709444213,0.0,0.0,0.0,0.0,0.0,0.0,0.0,0.0,0.0
SAM,imports,7373.012901328936,12304.783631612654,0.0,6184.523701379564,0.0,90833.96059697206,34.11123078969504,90.61718980823613,6542.1325224567445,3531.6238856349755,8856.843427869919,2942.4052168825933,13649.824015713995,960.3089328699385,3774.3831197265467,21303.120396964925,34887.45504861498,36218.4622588648,209.007915530722,154.28782390940742,18209.352130259922,0.0,14389.372574382956,0.0,121.18341209354992,7388.122998043711,10038.35249814029,293.7151859785658,110865.23438735666,4552.012353663259,2405.0878305422298,2294.6467600087867,694.0157059372314,6408.206218335264,705.6255110181896,22359.3417306487,24913.193744847664,459.8960265535338,10738.739140148231,596.9158754512697,1262.7013283472022,27170.79797614259,0.0,14150.353244738759,16.373850258192096,0.0,13658.825985033069,21308.845418898407,67601.25400255185,1676.616331471388,7206.74689166018,23096.744380142078,4662.096713279669,582.3156544842948,258.6967689636771,10320.800460059634,67575.26463620244,4417.916075294656,769.6308673317391,436107.33665279293,0.0,0.0,0.0,0.0,0.0,0.0,0.0,0.0,0.0
