region_sector,share_exporting_firms,usd_per_ton,sector,type,region
ARM_ATP,0.6084039456857432,47995.246938899276,ATP,transport,ARM
AZE_ATP,0.3211310664254038,8527.720815619059,ATP,transport,AZE
Africa_ATP,0.3507798744944431,2447381.3800401483,ATP,transport,Africa
America_ATP,0.6119678651057145,83048289.78771599,ATP,transport,America
Asia_ATP,0.1644568737561557,1121352945.9180496,ATP,transport,Asia
CHN_ATP,0.1028813744555075,4642.8896141806745,ATP,transport,CHN
Europe_ATP,0.1865702205932309,189902890.94550696,ATP,transport,Europe
GEO_ATP,0.5237129634425595,16461.739884700837,ATP,transport,GEO
KAZ_ATP,0.2441166542374049,4188641.370263311,ATP,transport,KAZ
KGZ_ATP,0.7717640227025948,20356.00387753537,ATP,transport,KGZ
North America_ATP,0.1964516683860876,374302.1463208725,ATP,transport,North America
Oceania_ATP,0.2657254204113408,18625.925470990216,ATP,transport,Oceania
RUS_ATP,0.7792465388804463,13654.262710443645,ATP,transport,RUS
South America_ATP,0.106869272534135,9954.88791789424,ATP,transport,South America
TJK_ATP,0.8680059512768665,98024.37903017343,ATP,transport,TJK
TKM_ATP,0.565713827300021,77761.7632668885,ATP,transport,TKM
TUR_ATP,0.5257616747766621,5861.18143166147,ATP,transport,TUR
UZB_ATP,0.735444148215105,33521.17523748388,ATP,transport,UZB
ARM_BPH,0.7038996349548464,26078.90443583589,BPH,manufacturing,ARM
AZE_BPH,0.1434199108013817,51683.487840204056,BPH,manufacturing,AZE
Africa_BPH,0.0559444106209194,16294.973270017226,BPH,manufacturing,Africa
America_BPH,0.0912787464860446,51016.570571971264,BPH,manufacturing,America
Asia_BPH,0.1714226092330101,38415.22367414202,BPH,manufacturing,Asia
CHN_BPH,0.0251812061243401,7135.288592259037,BPH,manufacturing,CHN
Europe_BPH,0.3486553531507089,99102.42269558203,BPH,manufacturing,Europe
GEO_BPH,0.6399635834174872,108831.50774506784,BPH,manufacturing,GEO
KAZ_BPH,0.0496768978874762,44532.106780843525,BPH,manufacturing,KAZ
KGZ_BPH,0.4824770715864543,30565.989993306142,BPH,manufacturing,KGZ
North America_BPH,0.2769715866361341,80514.84389592546,BPH,manufacturing,North America
Oceania_BPH,0.2363873633960988,167548.62780466996,BPH,manufacturing,Oceania
RUS_BPH,0.6036196552815102,14241.281599222975,BPH,manufacturing,RUS
South America_BPH,0.0496716601760939,11294.281606270988,BPH,manufacturing,South America
TJK_BPH,0.5364233226091141,34814.79463058476,BPH,manufacturing,TJK
TKM_BPH,0.5359678696881591,96862.4562556394,BPH,manufacturing,TKM
TUR_BPH,0.3650792326415084,24100.276789794945,BPH,manufacturing,TUR
UZB_BPH,0.1784156780274729,15265.232114145228,BPH,manufacturing,UZB
ARM_B_T,0.5486182502329598,47995.246938899276,B,manufacturing,ARM
AZE_B_T,0.1269114300145321,8527.720815619059,B,manufacturing,AZE
Africa_B_T,0.0485813328320857,2447381.3800401483,B,manufacturing,Africa
America_B_T,0.1547510480578656,83048289.78771599,B,manufacturing,America
Asia_B_T,0.0193263619456836,1121352945.9180496,B,manufacturing,Asia
CHN_B_T,0.007542991796536,4642.8896141806745,B,manufacturing,CHN
Europe_B_T,0.1343420657739462,189902890.94550696,B,manufacturing,Europe
GEO_B_T,0.4861840172614701,16461.739884700837,B,manufacturing,GEO
KAZ_B_T,0.0606683361515989,4188641.370263311,B,manufacturing,KAZ
KGZ_B_T,0.2325085164373121,20356.00387753537,B,manufacturing,KGZ
North America_B_T,0.0419143223494982,374302.1463208725,B,manufacturing,North America
Oceania_B_T,0.2109543862940924,18625.925470990216,B,manufacturing,Oceania
RUS_B_T,0.9109590931271728,13654.262710443645,B,manufacturing,RUS
South America_B_T,0.0631587608496211,9954.88791789424,B,manufacturing,South America
TJK_B_T,0.6444428143026065,98024.37903017343,B,manufacturing,TJK
TKM_B_T,0.8232777988656785,77761.7632668885,B,manufacturing,TKM
TUR_B_T,0.0934491851787404,5861.18143166147,B,manufacturing,TUR
UZB_B_T,0.0227810404675977,33521.17523748388,B,manufacturing,UZB
ARM_CHM,0.1706632998617642,5066.417555834055,CHM,manufacturing,ARM
AZE_CHM,0.7542868664827664,731.8467429863402,CHM,manufacturing,AZE
Africa_CHM,0.2443761973627506,557.239791815839,CHM,manufacturing,Africa
America_CHM,0.2136223796531485,2304.616341156607,CHM,manufacturing,America
Asia_CHM,0.2180157406807701,1155.0734417428826,CHM,manufacturing,Asia
CHN_CHM,0.1277219047912053,1436.324216984216,CHM,manufacturing,CHN
Europe_CHM,0.2059239217615724,1574.3634852981984,CHM,manufacturing,Europe
GEO_CHM,0.815082648236999,687.354028957228,CHM,manufacturing,GEO
KAZ_CHM,0.7988701962325896,2279.3074148124465,CHM,manufacturing,KAZ
KGZ_CHM,0.376993028032396,3066.887900891444,CHM,manufacturing,KGZ
North America_CHM,0.1711884686546067,1214.076216045066,CHM,manufacturing,North America
Oceania_CHM,0.2089616700089811,1570.3669145047402,CHM,manufacturing,Oceania
RUS_CHM,0.4303242465662565,401.2770102847078,CHM,manufacturing,RUS
South America_CHM,0.0609130948165543,992.4252129098072,CHM,manufacturing,South America
TJK_CHM,0.4652070544679963,16059.698645648592,CHM,manufacturing,TJK
TKM_CHM,0.5960010658323607,409.0726576455775,CHM,manufacturing,TKM
TUR_CHM,0.253855040675072,787.2568417935344,CHM,manufacturing,TUR
UZB_CHM,0.5485410249914632,1189.4897215076446,CHM,manufacturing,UZB
ARM_CMT,0.1125275205991616,4775.65898794951,CMT,manufacturing,ARM
AZE_CMT,0.0275437147417489,6317.6041612676345,CMT,manufacturing,AZE
Africa_CMT,0.0094545009519908,4873.54878152084,CMT,manufacturing,Africa
America_CMT,0.0169989216251921,5370.3007030221215,CMT,manufacturing,America
Asia_CMT,0.0171334923203553,2949.1051395674767,CMT,manufacturing,Asia
CHN_CMT,0.0104912956577995,9151.144277254583,CMT,manufacturing,CHN
Europe_CMT,0.0177532687548785,3090.9158516133366,CMT,manufacturing,Europe
GEO_CMT,0.1404379436018002,4405.450711821193,CMT,manufacturing,GEO
KAZ_CMT,0.0094851584328944,4221.457362257165,CMT,manufacturing,KAZ
KGZ_CMT,0.1486471590761742,2106.965013838718,CMT,manufacturing,KGZ
North America_CMT,0.0514336808464316,3741.0868661608415,CMT,manufacturing,North America
Oceania_CMT,0.4450656539245091,4943.834019505094,CMT,manufacturing,Oceania
RUS_CMT,0.8614617612688497,1748.2199850894076,CMT,manufacturing,RUS
South America_CMT,0.1353205108032544,3755.651426717073,CMT,manufacturing,South America
TJK_CMT,0.0095234041891904,5370.3007030221215,CMT,manufacturing,TJK
TKM_CMT,0.9670951285182022,5522.55081628729,CMT,manufacturing,TKM
TUR_CMT,0.0111108576980755,10426.816470878335,CMT,manufacturing,TUR
UZB_CMT,0.0082072474464586,13894.80137662544,CMT,manufacturing,UZB
ARM_CNS,0.11224891592528,47995.246938899276,CNS,construction,ARM
AZE_CNS,0.0076504408677434,8527.720815619059,CNS,construction,AZE
Africa_CNS,0.0103411460071806,2447381.3800401483,CNS,construction,Africa
America_CNS,0.0243847960695358,83048289.78771599,CNS,construction,America
Asia_CNS,0.0047110498275698,1121352945.9180496,CNS,construction,Asia
CHN_CNS,0.0048558744951396,4642.8896141806745,CNS,construction,CHN
Europe_CNS,0.0069016183166301,189902890.94550696,CNS,construction,Europe
GEO_CNS,0.0046408324833148,16461.739884700837,CNS,construction,GEO
KAZ_CNS,0.0038577244585892,4188641.370263311,CNS,construction,KAZ
KGZ_CNS,0.0458334024251698,20356.00387753537,CNS,construction,KGZ
North America_CNS,0.0027474433536125,374302.1463208725,CNS,construction,North America
Oceania_CNS,0.0014265481740563,18625.925470990216,CNS,construction,Oceania
RUS_CNS,0.7970017059117692,13654.262710443645,CNS,construction,RUS
South America_CNS,0.0023340493519074,9954.88791789424,CNS,construction,South America
TJK_CNS,0.0200821460271238,98024.37903017343,CNS,construction,TJK
TKM_CNS,0.9501056102634674,77761.7632668885,CNS,construction,TKM
TUR_CNS,0.0213273487278179,5861.18143166147,CNS,construction,TUR
UZB_CNS,0.0120278567795921,33521.17523748388,CNS,construction,UZB
ARM_COA,0.0002316759561023,85.56762982539958,COA,mining,ARM
AZE_COA,0.018653183426294,81.64869541286609,COA,mining,AZE
Africa_COA,0.3068951033572603,64.02093578152095,COA,mining,Africa
America_COA,0.0097951923719342,85.56762982539958,COA,mining,America
Asia_COA,0.1571191107384254,57.29424651698473,COA,mining,Asia
CHN_COA,0.0029824473204116,140.60429399414093,COA,mining,CHN
Europe_COA,0.0028679215884164,109.73901412101978,COA,mining,Europe
GEO_COA,0.006709540806576,95.48958439904824,COA,mining,GEO
KAZ_COA,0.2077288355505854,25.08622419368833,COA,mining,KAZ
KGZ_COA,0.4046382655617923,20.847575561905952,COA,mining,KGZ
North America_COA,0.2355881871276805,114.36095750595828,COA,mining,North America
Oceania_COA,0.8672650107158131,119.22303120211522,COA,mining,Oceania
RUS_COA,0.5892739474678096,76.52711603023981,COA,mining,RUS
South America_COA,0.7316871535609585,64.54431906477781,COA,mining,South America
TJK_COA,0.0079404205266682,64.83801372489674,COA,mining,TJK
TKM_COA,0.7709370338911449,85.56762982539958,COA,mining,TKM
TUR_COA,0.0028816409753041,163.72281004643125,COA,mining,TUR
UZB_COA,5.040374502694207e-06,85.56762982539958,COA,mining,UZB
ARM_CTL,0.0427938841350836,2259.1580753880007,CTL,agriculture,ARM
AZE_CTL,0.0047114418283802,599.6152372255344,CTL,agriculture,AZE
Africa_CTL,0.0242736087935615,6913.528401493852,CTL,agriculture,Africa
America_CTL,0.0110597696381043,4947.829446034507,CTL,agriculture,America
Asia_CTL,0.000542472684964,2782.8449224649203,CTL,agriculture,Asia
CHN_CTL,0.0001119875715429,3723.090276028972,CTL,agriculture,CHN
Europe_CTL,0.0510661602521338,5214.098889976924,CTL,agriculture,Europe
GEO_CTL,0.4441346773400446,1715.4656167089731,CTL,agriculture,GEO
KAZ_CTL,0.000860121057898,1948.1565770923053,CTL,agriculture,KAZ
KGZ_CTL,0.0192443969163026,3110.267047703287,CTL,agriculture,KGZ
North America_CTL,0.0087800750119302,13651.273086977191,CTL,agriculture,North America
Oceania_CTL,0.1064291798010833,8119.014301533277,CTL,agriculture,Oceania
RUS_CTL,0.0447132496795482,2235.6783665107173,CTL,agriculture,RUS
South America_CTL,0.0125316874993264,3641.044504383078,CTL,agriculture,South America
TJK_CTL,0.0030973060695057,4947.829446034507,CTL,agriculture,TJK
TKM_CTL,0.7814348154310388,3480.6399162182256,CTL,agriculture,TKM
TUR_CTL,0.0001155192421895,17636.815175522093,CTL,agriculture,TUR
UZB_CTL,0.0001641820526835,2134.5807413247608,CTL,agriculture,UZB
ARM_C_B,0.0015718614846974,15232.5977049282,C,agriculture,ARM
AZE_C_B,0.0004409961834595,8527.720815619059,C,agriculture,AZE
Africa_C_B,0.0008356970636478,9847.48981091111,C,agriculture,Africa
America_C_B,0.0002032255463062,83048289.78771599,C,agriculture,America
Asia_C_B,0.0001100515846275,83.48048864807615,C,agriculture,Asia
CHN_C_B,4.270002202334929e-05,502.84815013161614,C,agriculture,CHN
Europe_C_B,0.0322765261496605,7013.225369315288,C,agriculture,Europe
GEO_C_B,0.0005910621340663,16461.739884700837,C,agriculture,GEO
KAZ_C_B,1.2193056583485552e-05,4188641.370263311,C,agriculture,KAZ
KGZ_C_B,0.0833172087613526,17.970862077774022,C,agriculture,KGZ
North America_C_B,6.914373240611807e-05,3341.670072880697,C,agriculture,North America
Oceania_C_B,5.664108784719804e-05,194509.4680549707,C,agriculture,Oceania
RUS_C_B,0.2769899191863389,16927.356109152242,C,agriculture,RUS
South America_C_B,3.0603259470817374e-06,1525.6090971408105,C,agriculture,South America
TJK_C_B,0.0003939677117725,98024.37903017343,C,agriculture,TJK
TKM_C_B,0.0711318427192158,77761.7632668885,C,agriculture,TKM
TUR_C_B,0.0017964019425887,6004.251437035528,C,agriculture,TUR
UZB_C_B,0.0012074816657022,33521.17523748388,C,agriculture,UZB
ARM_EEQ,0.7687110357927017,36061.82531405035,EEQ,manufacturing,ARM
AZE_EEQ,0.1213494751770277,24891.42920803412,EEQ,manufacturing,AZE
Africa_EEQ,0.3983845197389039,12302.71697796989,EEQ,manufacturing,Africa
America_EEQ,0.429492595060286,16553.88104722561,EEQ,manufacturing,America
Asia_EEQ,0.2296661670541232,15086.033874059489,EEQ,manufacturing,Asia
CHN_EEQ,0.1167852812542055,10090.393130114677,EEQ,manufacturing,CHN
Europe_EEQ,0.1948281895652616,12847.476117841516,EEQ,manufacturing,Europe
GEO_EEQ,0.4645583695349199,9581.781018266209,EEQ,manufacturing,GEO
KAZ_EEQ,0.2750545524150404,3307.379405305879,EEQ,manufacturing,KAZ
KGZ_EEQ,0.4772262220195513,3864.547228050153,EEQ,manufacturing,KGZ
North America_EEQ,0.1731419261724729,18062.45556590596,EEQ,manufacturing,North America
Oceania_EEQ,0.2695260698329614,25468.816080746263,EEQ,manufacturing,Oceania
RUS_EEQ,0.3844278068463023,23407.71005615637,EEQ,manufacturing,RUS
South America_EEQ,0.0791931210668108,6369.460673373544,EEQ,manufacturing,South America
TJK_EEQ,0.3457273435195794,65387.352630342495,EEQ,manufacturing,TJK
TKM_EEQ,0.9531014186271032,6611.780837750547,EEQ,manufacturing,TKM
TUR_EEQ,0.6730660503424514,4353.746126860197,EEQ,manufacturing,TUR
UZB_EEQ,0.0424939495663187,3721.0735580076775,EEQ,manufacturing,UZB
ARM_ELE,0.6083078565815215,198382.05486673416,ELE,manufacturing,ARM
AZE_ELE,0.1113737952264395,84107.86959898246,ELE,manufacturing,AZE
Africa_ELE,0.1572902491707181,61624.95735051894,ELE,manufacturing,Africa
America_ELE,0.1326357459108917,233167.71947374908,ELE,manufacturing,America
Asia_ELE,0.4198063424558029,144829.9297890707,ELE,manufacturing,Asia
CHN_ELE,0.6848422320360154,73512.58714429183,ELE,manufacturing,CHN
Europe_ELE,0.2404349047679931,106723.78080518586,ELE,manufacturing,Europe
GEO_ELE,0.3275985479829246,66281.66290075444,ELE,manufacturing,GEO
KAZ_ELE,0.3789647860744638,80094.47165689354,ELE,manufacturing,KAZ
KGZ_ELE,0.1007376231944324,73254.83354367688,ELE,manufacturing,KGZ
North America_ELE,0.3575699572045321,158539.1087656172,ELE,manufacturing,North America
Oceania_ELE,0.26031747628965,208447.7846123055,ELE,manufacturing,Oceania
RUS_ELE,0.360043435396044,415096.8219310649,ELE,manufacturing,RUS
South America_ELE,0.0154497311748875,60628.27921250308,ELE,manufacturing,South America
TJK_ELE,0.4672856331491997,559290.9935664654,ELE,manufacturing,TJK
TKM_ELE,0.9546619619682818,1532543.2193059684,ELE,manufacturing,TKM
TUR_ELE,0.3297187734565937,26599.03762326669,ELE,manufacturing,TUR
UZB_ELE,0.0892993626237651,113893.8383804342,ELE,manufacturing,UZB
ARM_ELY,0.2420560802575594,10544365156.25527,ELY,utility,ARM
AZE_ELY,0.0229411989934066,10544365156.25527,ELY,utility,AZE
Africa_ELY,0.0046826461729929,117196305.61934732,ELY,utility,Africa
America_ELY,9.430819435647124e-05,10544365156.25527,ELY,utility,America
Asia_ELY,0.0013773091757257,53824586876.65198,ELY,utility,Asia
CHN_ELY,0.002236786779336,10544365156.25527,ELY,utility,CHN
Europe_ELY,0.0040762700829515,9114900618.065172,ELY,utility,Europe
GEO_ELY,0.0958009963621837,10544365156.25527,ELY,utility,GEO
KAZ_ELY,0.0293748944198864,192130514.53360504,ELY,utility,KAZ
KGZ_ELY,0.1319876279985665,10544365156.25527,ELY,utility,KGZ
North America_ELY,0.002071337459299,17351727.7948587,ELY,utility,North America
Oceania_ELY,1.0107160382229028e-05,10544365156.25527,ELY,utility,Oceania
RUS_ELY,0.3005292878829845,10544365156.25527,ELY,utility,RUS
South America_ELY,0.000619420587245,24894.8666573979,ELY,utility,South America
TJK_ELY,0.0900190714384088,10544365156.25527,ELY,utility,TJK
TKM_ELY,0.2924626430254718,10544365156.25527,ELY,utility,TKM
TUR_ELY,0.0096074802728453,10544365156.25527,ELY,utility,TUR
UZB_ELY,0.057048623706538,10544365156.25527,ELY,utility,UZB
ARM_FMP,0.0523328302655537,2439.373271138816,FMP,manufacturing,ARM
AZE_FMP,0.0691311475771136,5275.696871265901,FMP,manufacturing,AZE
Africa_FMP,0.0288462102716405,2889.786280163116,FMP,manufacturing,Africa
America_FMP,0.0978883456658722,5536.2820176914365,FMP,manufacturing,America
Asia_FMP,0.0835036824450087,4969.274154922087,FMP,manufacturing,Asia
CHN_FMP,0.1395397335013943,3125.3213723606077,FMP,manufacturing,CHN
Europe_FMP,0.0686595818031617,5308.839290493462,FMP,manufacturing,Europe
GEO_FMP,0.2031609368446925,19270.297373873054,FMP,manufacturing,GEO
KAZ_FMP,0.0684638252485011,6781.857797992202,FMP,manufacturing,KAZ
KGZ_FMP,0.0958346540223052,3398.1160518248485,FMP,manufacturing,KGZ
North America_FMP,0.0422575609286804,8928.610827128094,FMP,manufacturing,North America
Oceania_FMP,0.0289428249553924,5568.251745912317,FMP,manufacturing,Oceania
RUS_FMP,0.1756157026532432,7109.5242820308085,FMP,manufacturing,RUS
South America_FMP,0.019963623629145,4212.267547137436,FMP,manufacturing,South America
TJK_FMP,0.9444769323816492,3024.200102682979,FMP,manufacturing,TJK
TKM_FMP,0.4951882733783432,4119.052241806385,FMP,manufacturing,TKM
TUR_FMP,0.2883957242632488,2877.2025654488057,FMP,manufacturing,TUR
UZB_FMP,0.0378038770107704,4819.122524573498,FMP,manufacturing,UZB
ARM_FRS,0.0066737021375023,723.9475405114887,FRS,agriculture,ARM
AZE_FRS,0.0096062185486717,348.06060868810835,FRS,agriculture,AZE
Africa_FRS,0.0704516926401641,463.6530676999329,FRS,agriculture,Africa
America_FRS,0.2402703654762277,3947.4064765936832,FRS,agriculture,America
Asia_FRS,0.0093669672872533,411.21624637136495,FRS,agriculture,Asia
CHN_FRS,0.0031622447636797,988.4472757258748,FRS,agriculture,CHN
Europe_FRS,0.0173650011341905,138.828470436884,FRS,agriculture,Europe
GEO_FRS,0.0311974671197638,179.3943437295055,FRS,agriculture,GEO
KAZ_FRS,0.0167900012549394,694.6245404244169,FRS,agriculture,KAZ
KGZ_FRS,0.0652448889097169,19343.145811527447,FRS,agriculture,KGZ
North America_FRS,0.0386488769515964,311.10794816457553,FRS,agriculture,North America
Oceania_FRS,0.4253614775683327,143.14377436950227,FRS,agriculture,Oceania
RUS_FRS,0.3306693606231324,93.27283338643667,FRS,agriculture,RUS
South America_FRS,0.0238045328533333,376.2408249803707,FRS,agriculture,South America
TJK_FRS,0.0140172276051292,180.92230652446264,FRS,agriculture,TJK
TKM_FRS,0.7887816176708513,3947.4064765936832,FRS,agriculture,TKM
TUR_FRS,0.0090493354149808,1210.3006514593094,FRS,agriculture,TUR
UZB_FRS,0.0101881331947166,37552.19738149925,FRS,agriculture,UZB
ARM_FSH,0.2357655174234588,4970.102222566053,FSH,agriculture,ARM
AZE_FSH,0.0023481536997365,1219.664134818643,FSH,agriculture,AZE
Africa_FSH,0.0216101964850273,6379.78549885752,FSH,agriculture,Africa
America_FSH,0.0360813677375357,11124.28261364089,FSH,agriculture,America
Asia_FSH,0.0065302008796567,3836.6113855153194,FSH,agriculture,Asia
CHN_FSH,0.0066615838152781,4240.839647970534,FSH,agriculture,CHN
Europe_FSH,0.0956700741634784,2823.5808216136666,FSH,agriculture,Europe
GEO_FSH,0.0087177879757019,98275.53701634068,FSH,agriculture,GEO
KAZ_FSH,0.0014369111713548,785.233555407401,FSH,agriculture,KAZ
KGZ_FSH,0.4698032463423566,1015.933247904844,FSH,agriculture,KGZ
North America_FSH,0.0757477528957482,6435.702966926834,FSH,agriculture,North America
Oceania_FSH,0.2638079728260049,14517.551640859636,FSH,agriculture,Oceania
RUS_FSH,0.2875810576111307,9242.519978247445,FSH,agriculture,RUS
South America_FSH,0.0254560866095092,3963.588378939685,FSH,agriculture,South America
TJK_FSH,0.0041791152199029,16908.85852600306,FSH,agriculture,TJK
TKM_FSH,0.968765337833271,2093.9654177208254,FSH,agriculture,TKM
TUR_FSH,0.2074947052613071,4151.136377481986,FSH,agriculture,TUR
UZB_FSH,0.0013647700148356,8252.193614720976,FSH,agriculture,UZB
ARM_GAS,0.0016802258252804,278.0020513627767,GAS,oil_and_gas,ARM
AZE_GAS,0.5916804389218472,274.5165428976176,GAS,oil_and_gas,AZE
Africa_GAS,0.5995645008423742,304.6084688430337,GAS,oil_and_gas,Africa
America_GAS,0.1990326258509795,278.0020513627767,GAS,oil_and_gas,America
Asia_GAS,0.1455962594422235,326.9828086225195,GAS,oil_and_gas,Asia
CHN_GAS,0.2115185375139023,409.45502441504647,GAS,oil_and_gas,CHN
Europe_GAS,0.0151469712408298,252.4332942588104,GAS,oil_and_gas,Europe
GEO_GAS,0.0007803755741992,278.0020513627767,GAS,oil_and_gas,GEO
KAZ_GAS,0.9034556852305584,257.82159222889834,GAS,oil_and_gas,KAZ
KGZ_GAS,0.0067703968974142,198.40012500704609,GAS,oil_and_gas,KGZ
North America_GAS,0.0813111621876397,287.4117079656308,GAS,oil_and_gas,North America
Oceania_GAS,0.8223071729164394,368.28472179132905,GAS,oil_and_gas,Oceania
RUS_GAS,0.7069535682804431,252.0165472571392,GAS,oil_and_gas,RUS
South America_GAS,0.0603857153301418,211.53057528640272,GAS,oil_and_gas,South America
TJK_GAS,1.2912294043467446e-05,278.0020513627767,GAS,oil_and_gas,TJK
TKM_GAS,0.8873902902112192,240.6980020595596,GAS,oil_and_gas,TKM
TUR_GAS,0.0892189446156196,303.36647622955485,GAS,oil_and_gas,TUR
UZB_GAS,0.2840015652123114,204.5028322162854,GAS,oil_and_gas,UZB
ARM_GDT,0.0054752907308277,7915.829034159953,GDT,utility,ARM
AZE_GDT,0.0572846874847732,7915.829034159953,GDT,utility,AZE
Africa_GDT,0.0131600044871745,1125.1842338822823,GDT,utility,Africa
America_GDT,0.0083226613910779,7915.829034159953,GDT,utility,America
Asia_GDT,0.0061465439304409,1024.998631312511,GDT,utility,Asia
CHN_GDT,0.0831263507078834,3423.20532501712,GDT,utility,CHN
Europe_GDT,0.0209587738575739,1348.7518605211535,GDT,utility,Europe
GEO_GDT,0.0009513113745808,7915.829034159953,GDT,utility,GEO
KAZ_GDT,0.0313509588886536,7915.829034159953,GDT,utility,KAZ
KGZ_GDT,0.0059110154505743,7915.829034159953,GDT,utility,KGZ
North America_GDT,0.0214517390009934,29390.372949422905,GDT,utility,North America
Oceania_GDT,0.0220020469273522,4344.703730152607,GDT,utility,Oceania
RUS_GDT,0.1734521034432172,7915.829034159953,GDT,utility,RUS
South America_GDT,0.0023492215043762,3400.1324491295554,GDT,utility,South America
TJK_GDT,0.0015080187963157,7915.829034159953,GDT,utility,TJK
TKM_GDT,0.0169406509817029,7915.829034159953,GDT,utility,TKM
TUR_GDT,0.0028240301641562,19269.283093841488,GDT,utility,TUR
UZB_GDT,0.0060376153161989,7915.829034159953,GDT,utility,UZB
ARM_GRO,0.0080932779327405,688.2081853013244,GRO,agriculture,ARM
AZE_GRO,0.0579950863193352,324.6089763533677,GRO,agriculture,AZE
Africa_GRO,0.0094622310654582,232.1626178859998,GRO,agriculture,Africa
America_GRO,0.2493745978411436,1370.1443527776114,GRO,agriculture,America
Asia_GRO,0.0038820790868976,317.49250968104616,GRO,agriculture,Asia
CHN_GRO,0.0010989281559257,542.1770049547224,GRO,agriculture,CHN
Europe_GRO,0.1352924461623581,210.16492415438768,GRO,agriculture,Europe
GEO_GRO,0.0216695534134646,2916.7894535727164,GRO,agriculture,GEO
KAZ_GRO,0.2963796708115789,152.97406861033232,GRO,agriculture,KAZ
KGZ_GRO,0.0171281697950701,1184.9885510177771,GRO,agriculture,KGZ
North America_GRO,0.1364248806594393,176.7367545956932,GRO,agriculture,North America
Oceania_GRO,0.6675572824403496,256.07178680635377,GRO,agriculture,Oceania
RUS_GRO,0.3225927870782378,155.17597670794376,GRO,agriculture,RUS
South America_GRO,0.2850175863848889,171.83605001097965,GRO,agriculture,South America
TJK_GRO,0.0034890897364255,110.8346310694108,GRO,agriculture,TJK
TKM_GRO,0.984581408058306,1370.1443527776114,GRO,agriculture,TKM
TUR_GRO,0.1138431069045663,304.89700561430675,GRO,agriculture,TUR
UZB_GRO,5.8082962170007273e-05,14177.19114810542,GRO,agriculture,UZB
ARM_I_S,0.5570826501339078,10170.669615631632,I,manufacturing,ARM
AZE_I_S,0.4338510640904047,505.02177036289874,I,manufacturing,AZE
Africa_I_S,0.2674603039692474,679.2237454523763,I,manufacturing,Africa
America_I_S,0.2519114697985736,83048289.78771599,I,manufacturing,America
Asia_I_S,0.0644690662502414,738.1242077880753,I,manufacturing,Asia
CHN_I_S,0.0687163989412127,717.6449705621028,I,manufacturing,CHN
Europe_I_S,0.098103645245366,915.0974294070064,I,manufacturing,Europe
GEO_I_S,0.9498908150511408,892.9714976381019,I,manufacturing,GEO
KAZ_I_S,0.4987090182150017,924.4328501706456,I,manufacturing,KAZ
KGZ_I_S,0.1117124233906883,653.103395322634,I,manufacturing,KGZ
North America_I_S,0.0494165766949087,1063.8718613704557,I,manufacturing,North America
Oceania_I_S,0.1868069063236427,1415.4709065853544,I,manufacturing,Oceania
RUS_I_S,0.3609849482388776,475.1280218858427,I,manufacturing,RUS
South America_I_S,0.1201685843473162,833.2701354011793,I,manufacturing,South America
TJK_I_S,0.1093198015102437,3564.5893748546505,I,manufacturing,TJK
TKM_I_S,0.0009695529913948,6848.344579633983,I,manufacturing,TKM
TUR_I_S,0.238020034111696,558.3135240513975,I,manufacturing,TUR
UZB_I_S,0.0214613465995787,1786.470031781313,I,manufacturing,UZB
ARM_LEA,0.5851726809116354,6900.491983363673,LEA,manufacturing,ARM
AZE_LEA,0.6573123205575935,2724.970294133828,LEA,manufacturing,AZE
Africa_LEA,0.1813536596144673,13070.968397938235,LEA,manufacturing,Africa
America_LEA,0.2420460936928174,11312.780093108691,LEA,manufacturing,America
Asia_LEA,0.3913441333904903,20886.723267692694,LEA,manufacturing,Asia
CHN_LEA,0.4145696224266709,12105.280488537575,LEA,manufacturing,CHN
Europe_LEA,0.1936658124181324,33078.08528042398,LEA,manufacturing,Europe
GEO_LEA,0.1603783558002941,12716.253390705522,LEA,manufacturing,GEO
KAZ_LEA,0.628963367585376,3439.5432552888924,LEA,manufacturing,KAZ
KGZ_LEA,0.9514214700044772,9027.379671949278,LEA,manufacturing,KGZ
North America_LEA,0.1774770488311109,12838.159945433872,LEA,manufacturing,North America
Oceania_LEA,0.6243642501042016,9382.319852637089,LEA,manufacturing,Oceania
RUS_LEA,0.7694887388602556,13571.457999354416,LEA,manufacturing,RUS
South America_LEA,0.1363145392195109,7997.14367039328,LEA,manufacturing,South America
TJK_LEA,0.9356118765457828,2518.485012066651,LEA,manufacturing,TJK
TKM_LEA,0.810614414255616,18792.684258468744,LEA,manufacturing,TKM
TUR_LEA,0.3240800392536039,10997.016586848891,LEA,manufacturing,TUR
UZB_LEA,0.3440175375798039,2270.298227611132,LEA,manufacturing,UZB
ARM_LUM,0.0749696022065739,1357.6069069811792,LUM,manufacturing,ARM
AZE_LUM,0.0759346231161149,451.66951304637456,LUM,manufacturing,AZE
Africa_LUM,0.0975319728246129,667.4018927368885,LUM,manufacturing,Africa
America_LUM,0.1389170207043103,953.5758509151158,LUM,manufacturing,America
Asia_LUM,0.0628791001517833,735.7763856590077,LUM,manufacturing,Asia
CHN_LUM,0.0615678298317492,1411.4784104768896,LUM,manufacturing,CHN
Europe_LUM,0.0634838090235576,545.4079861142575,LUM,manufacturing,Europe
GEO_LUM,0.7062919314950177,1046.5012794919762,LUM,manufacturing,GEO
KAZ_LUM,0.2576626788197534,148.89673108562317,LUM,manufacturing,KAZ
KGZ_LUM,0.3435024021942273,1572.4418469629015,LUM,manufacturing,KGZ
North America_LUM,0.0649403196498648,648.3048025800513,LUM,manufacturing,North America
Oceania_LUM,0.1477652866570468,275.7445266225945,LUM,manufacturing,Oceania
RUS_LUM,0.5672844392855907,284.330010739558,LUM,manufacturing,RUS
South America_LUM,0.1333284636046912,484.291956303698,LUM,manufacturing,South America
TJK_LUM,0.0533293848568927,3746.574625977036,LUM,manufacturing,TJK
TKM_LUM,0.1898761366337243,1959.2199951903613,LUM,manufacturing,TKM
TUR_LUM,0.1141881608423097,674.1392353447714,LUM,manufacturing,TUR
UZB_LUM,0.0102706552608196,201.00336024379976,LUM,manufacturing,UZB
ARM_MIL,0.0211016401057159,1759.2624459410324,MIL,agriculture,ARM
AZE_MIL,0.0110313686800963,3954.252350729594,MIL,agriculture,AZE
Africa_MIL,0.0217141607457798,2256.383425126716,MIL,agriculture,Africa
America_MIL,0.0176109007447143,2363.7940387248373,MIL,agriculture,America
Asia_MIL,0.003949985865087,2361.897073104897,MIL,agriculture,Asia
CHN_MIL,0.0019955732243762,2113.012174154985,MIL,agriculture,CHN
Europe_MIL,0.0605874936799374,2603.2522251313308,MIL,agriculture,Europe
GEO_MIL,0.0157724433962756,2934.7851822285443,MIL,agriculture,GEO
KAZ_MIL,0.0132352431543366,1506.1101097631722,MIL,agriculture,KAZ
KGZ_MIL,0.469864794207639,2057.5234781755144,MIL,agriculture,KGZ
North America_MIL,0.0213096280914764,2320.055483208284,MIL,agriculture,North America
Oceania_MIL,0.4984208124166068,3311.779148102952,MIL,agriculture,Oceania
RUS_MIL,0.7592663001516419,1626.4050307711152,MIL,agriculture,RUS
South America_MIL,0.0166542712854665,2606.994075669126,MIL,agriculture,South America
TJK_MIL,0.0051000768740035,1145.491618198798,MIL,agriculture,TJK
TKM_MIL,0.9173546665436524,5041.834904590846,MIL,agriculture,TKM
TUR_MIL,0.0330388723333872,1960.3373477122568,MIL,agriculture,TUR
UZB_MIL,0.001657343678196,625.1225857130694,MIL,agriculture,UZB
ARM_MVH,0.1755741862864804,16139.889994682506,MVH,manufacturing,ARM
AZE_MVH,0.293933830519277,6799.534316427949,MVH,manufacturing,AZE
Africa_MVH,0.27735828904692,10181.63900855904,MVH,manufacturing,Africa
America_MVH,0.1655654759957073,9343.823504560127,MVH,manufacturing,America
Asia_MVH,0.2116546870791339,10511.25476125752,MVH,manufacturing,Asia
CHN_MVH,0.0593131022872334,6809.98756396525,MVH,manufacturing,CHN
Europe_MVH,0.2141719552048735,10451.170262817375,MVH,manufacturing,Europe
GEO_MVH,0.3208788202053546,13562.058193221405,MVH,manufacturing,GEO
KAZ_MVH,0.0667572311078332,5502.321402918024,MVH,manufacturing,KAZ
KGZ_MVH,0.7956341782870655,9723.320075442343,MVH,manufacturing,KGZ
North America_MVH,0.1027909118480215,11371.505070630135,MVH,manufacturing,North America
Oceania_MVH,0.1637057218487745,11098.003054188814,MVH,manufacturing,Oceania
RUS_MVH,0.7374285690100368,11413.920736762037,MVH,manufacturing,RUS
South America_MVH,0.0445231718249147,8400.062865090402,MVH,manufacturing,South America
TJK_MVH,0.9125934665837082,10018.189588618145,MVH,manufacturing,TJK
TKM_MVH,0.9709290719651056,4917.408984686489,MVH,manufacturing,TKM
TUR_MVH,0.6705602246003259,7666.407514145898,MVH,manufacturing,TUR
UZB_MVH,0.0435198300528149,4278.326184108828,MVH,manufacturing,UZB
ARM_NFM,0.8708116343512338,12585.615290062757,NFM,manufacturing,ARM
AZE_NFM,0.8378409691632638,9084.41101188316,NFM,manufacturing,AZE
Africa_NFM,0.8215536004537832,11870.51514816688,NFM,manufacturing,Africa
America_NFM,0.8837451665986731,95448.45760225004,NFM,manufacturing,America
Asia_NFM,0.2346315191756806,9558.328036860485,NFM,manufacturing,Asia
CHN_NFM,0.0421023331554655,3872.0930661793977,NFM,manufacturing,CHN
Europe_NFM,0.3062103492400483,17207.63158934601,NFM,manufacturing,Europe
GEO_NFM,0.9069966332227284,12736.733836653731,NFM,manufacturing,GEO
KAZ_NFM,0.6330557518602609,4366.145558896067,NFM,manufacturing,KAZ
KGZ_NFM,0.6957855042735754,296779.0410494232,NFM,manufacturing,KGZ
North America_NFM,0.2547463566283122,14601.322947904076,NFM,manufacturing,North America
Oceania_NFM,0.8537036641340218,38174.825922134536,NFM,manufacturing,Oceania
RUS_NFM,0.5944762812508639,4946.220660482546,NFM,manufacturing,RUS
South America_NFM,0.643182467582581,3441.510320946553,NFM,manufacturing,South America
TJK_NFM,0.9752913179569096,15342.482167618467,NFM,manufacturing,TJK
TKM_NFM,0.0014745165221439,3930.233697660929,NFM,manufacturing,TKM
TUR_NFM,0.4316953964739575,54057.35567156671,NFM,manufacturing,TUR
UZB_NFM,0.9579373998478644,1110069.313262465,NFM,manufacturing,UZB
ARM_NMM,0.3380687916494146,427.0665895379416,NMM,manufacturing,ARM
AZE_NMM,0.0493930308793653,70.25159627515445,NMM,manufacturing,AZE
Africa_NMM,0.0293691599790275,303.29664773484143,NMM,manufacturing,Africa
America_NMM,0.0350196220900078,662.5317673480794,NMM,manufacturing,America
Asia_NMM,0.052280455519208,453.2673468676217,NMM,manufacturing,Asia
CHN_NMM,0.0489993259373029,695.2825071624253,NMM,manufacturing,CHN
Europe_NMM,0.0719473314658525,601.5537512978827,NMM,manufacturing,Europe
GEO_NMM,0.0556429110998547,661.12177278023,NMM,manufacturing,GEO
KAZ_NMM,0.0449428130201396,148.61282424003366,NMM,manufacturing,KAZ
KGZ_NMM,0.1395671251188982,218.3119372537163,NMM,manufacturing,KGZ
North America_NMM,0.0562759623365407,2039.4979370998665,NMM,manufacturing,North America
Oceania_NMM,0.0089516615176963,1724.925927461235,NMM,manufacturing,Oceania
RUS_NMM,0.1087045973279351,451.262713221792,NMM,manufacturing,RUS
South America_NMM,0.0264359510227903,444.7824255137534,NMM,manufacturing,South America
TJK_NMM,0.804843300114499,1070.9437592416264,NMM,manufacturing,TJK
TKM_NMM,0.0103697431550707,1531.0297393948151,NMM,manufacturing,TKM
TUR_NMM,0.1435746981195459,282.7220588041652,NMM,manufacturing,TUR
UZB_NMM,0.0290407233345098,139.11051103024843,NMM,manufacturing,UZB
ARM_OAP,0.0060770371329191,2568.228880005686,OAP,agriculture,ARM
AZE_OAP,0.0226745465485364,1231.325467397288,OAP,agriculture,AZE
Africa_OAP,0.0173663248603996,2844.6594082694355,OAP,agriculture,Africa
America_OAP,0.0403021986530285,4866.174800703294,OAP,agriculture,America
Asia_OAP,0.0057226133946161,1678.3565122571863,OAP,agriculture,Asia
CHN_OAP,0.0059613363567056,1929.4470680114373,OAP,agriculture,CHN
Europe_OAP,0.0401791142971921,2248.687520592306,OAP,agriculture,Europe
GEO_OAP,0.0410689295847203,3615.4394813369727,OAP,agriculture,GEO
KAZ_OAP,0.0129403425559524,969.3116697023992,OAP,agriculture,KAZ
KGZ_OAP,0.4195734171926141,2305.782328669091,OAP,agriculture,KGZ
North America_OAP,0.0416416087386991,2796.444785004315,OAP,agriculture,North America
Oceania_OAP,0.2850778078315312,2867.671614760709,OAP,agriculture,Oceania
RUS_OAP,0.2986018817270514,7776.750802712888,OAP,agriculture,RUS
South America_OAP,0.0112638845502904,3661.188313186176,OAP,agriculture,South America
TJK_OAP,0.0173417596905969,13934.053609698596,OAP,agriculture,TJK
TKM_OAP,0.8371045020494305,1302.6859424893082,OAP,agriculture,TKM
TUR_OAP,0.1080556156993595,1393.1658177820716,OAP,agriculture,TUR
UZB_OAP,0.0117272914398096,29601.77239008012,OAP,agriculture,UZB
ARM_OCR,0.2098429663806514,6561.914675460867,OCR,agriculture,ARM
AZE_OCR,0.5255509587782153,1284.7945046896236,OCR,agriculture,AZE
Africa_OCR,0.6032527248436376,2465.377987865543,OCR,agriculture,Africa
America_OCR,0.1127227008733895,2998.711004177189,OCR,agriculture,America
Asia_OCR,0.1390443800773719,1897.018186433011,OCR,agriculture,Asia
CHN_OCR,0.0954041531675727,2000.2151676203564,OCR,agriculture,CHN
Europe_OCR,0.063685628829411,2388.93747273775,OCR,agriculture,Europe
GEO_OCR,0.4805359522587605,1713.636350738523,OCR,agriculture,GEO
KAZ_OCR,0.8801657094421,2164.044085191713,OCR,agriculture,KAZ
KGZ_OCR,0.2295025018475062,12904.164936692196,OCR,agriculture,KGZ
North America_OCR,0.2784168722614335,2033.9472443459715,OCR,agriculture,North America
Oceania_OCR,0.2467979358057273,1270.3896872603175,OCR,agriculture,Oceania
RUS_OCR,0.71541499824419,1248.4816496576086,OCR,agriculture,RUS
South America_OCR,0.5785320113653974,2988.512696824136,OCR,agriculture,South America
TJK_OCR,0.1114389457330455,1979.2547993125208,OCR,agriculture,TJK
TKM_OCR,0.7727071416095223,1108.7637079181077,OCR,agriculture,TKM
TUR_OCR,0.7087579060715539,4848.48794600971,OCR,agriculture,TUR
UZB_OCR,0.364777053692327,2120.145972254252,OCR,agriculture,UZB
ARM_OFD,0.0782666970104968,1733.3028781379803,OFD,manufacturing,ARM
AZE_OFD,0.0394039292613659,3708.918182422705,OFD,manufacturing,AZE
Africa_OFD,0.0892553629057649,2429.7745638049896,OFD,manufacturing,Africa
America_OFD,0.1495658006260772,2380.9252148751293,OFD,manufacturing,America
Asia_OFD,0.0590494345176313,2432.233017619157,OFD,manufacturing,Asia
CHN_OFD,0.0475765438634163,2221.7235216908493,OFD,manufacturing,CHN
Europe_OFD,0.0736585139526957,1989.2721999566115,OFD,manufacturing,Europe
GEO_OFD,0.1025002607462358,3154.3471290212037,OFD,manufacturing,GEO
KAZ_OFD,0.2027921039753073,521.8169656621955,OFD,manufacturing,KAZ
KGZ_OFD,0.4158205725634951,2478.344192501354,OFD,manufacturing,KGZ
North America_OFD,0.0560686884325202,2117.161410460552,OFD,manufacturing,North America
Oceania_OFD,0.1868193162887572,3267.4943352555333,OFD,manufacturing,Oceania
RUS_OFD,0.582556797329959,1960.7073923533449,OFD,manufacturing,RUS
South America_OFD,0.1204498740525145,2134.3897607396825,OFD,manufacturing,South America
TJK_OFD,0.183168183922011,3030.783706932169,OFD,manufacturing,TJK
TKM_OFD,0.648297070683749,4495.851855013245,OFD,manufacturing,TKM
TUR_OFD,0.2674108749358663,1523.3242901371957,OFD,manufacturing,TUR
UZB_OFD,0.1040902798336121,1276.2832511684333,OFD,manufacturing,UZB
ARM_OIL,0.0010353493789819,360.3722455478816,OIL,oil_and_gas,ARM
AZE_OIL,0.8638327650061826,382.9039743724733,OIL,oil_and_gas,AZE
Africa_OIL,0.7919303230909953,369.7872209845586,OIL,oil_and_gas,Africa
America_OIL,0.0165747143637338,360.3722455478816,OIL,oil_and_gas,America
Asia_OIL,0.3306667820100355,354.98678725171646,OIL,oil_and_gas,Asia
CHN_OIL,0.0073497390916903,378.0521363262693,OIL,oil_and_gas,CHN
Europe_OIL,0.1124817874175129,359.5557032555838,OIL,oil_and_gas,Europe
GEO_OIL,0.245742585257376,310.1066237547157,OIL,oil_and_gas,GEO
KAZ_OIL,0.8033229162150507,429.03098949784567,OIL,oil_and_gas,KAZ
KGZ_OIL,0.0567356676376508,338.9282076174097,OIL,oil_and_gas,KGZ
North America_OIL,0.0725468755866068,358.63241906580265,OIL,oil_and_gas,North America
Oceania_OIL,0.2375232138124592,362.69399037812303,OIL,oil_and_gas,Oceania
RUS_OIL,0.5229106708322668,341.2044356750133,OIL,oil_and_gas,RUS
South America_OIL,0.4412310683483625,305.54144499526467,OIL,oil_and_gas,South America
TJK_OIL,8.595830131819127e-06,360.3722455478816,OIL,oil_and_gas,TJK
TKM_OIL,0.1628306530606133,377.524058261798,OIL,oil_and_gas,TKM
TUR_OIL,0.0020577080506689,376.26344623376855,OIL,oil_and_gas,TUR
UZB_OIL,1.7783206943653344e-05,360.3722455478816,OIL,oil_and_gas,UZB
ARM_OME,0.6518674649160924,7264.275405176553,OME,manufacturing,ARM
AZE_OME,0.1119817039279309,6457.379067565278,OME,manufacturing,AZE
Africa_OME,0.092415677412251,10880.616593412584,OME,manufacturing,Africa
America_OME,0.1173889064809221,10234.255750259457,OME,manufacturing,America
Asia_OME,0.2191867647345784,13591.949906627118,OME,manufacturing,Asia
CHN_OME,0.1442692699238074,7377.57050430121,OME,manufacturing,CHN
Europe_OME,0.2553874510145874,13940.142483594553,OME,manufacturing,Europe
GEO_OME,0.3724306243581889,13484.88946871183,OME,manufacturing,GEO
KAZ_OME,0.4364474723560927,8384.380805693567,OME,manufacturing,KAZ
KGZ_OME,0.4650855787063432,9645.34056246263,OME,manufacturing,KGZ
North America_OME,0.2043467157651702,18014.92938701269,OME,manufacturing,North America
Oceania_OME,0.2004365370914207,14734.171132392938,OME,manufacturing,Oceania
RUS_OME,0.2073387320357422,11715.712507299422,OME,manufacturing,RUS
South America_OME,0.0810707737469232,8751.092143550379,OME,manufacturing,South America
TJK_OME,0.608756149712142,9133.876387703143,OME,manufacturing,TJK
TKM_OME,0.916142710480906,6331.54757586053,OME,manufacturing,TKM
TUR_OME,0.4626102043083262,6370.983391167147,OME,manufacturing,TUR
UZB_OME,0.3596396719459717,7903.49043187922,OME,manufacturing,UZB
ARM_OMF,0.7972625602779767,1383421.279233298,OMF,manufacturing,ARM
AZE_OMF,0.0146794570550155,95356.06836192089,OMF,manufacturing,AZE
Africa_OMF,0.2213594765902218,30216.94938130966,OMF,manufacturing,Africa
America_OMF,0.1334551894393957,293012.9856746656,OMF,manufacturing,America
Asia_OMF,0.1903557996793257,22073.616128464648,OMF,manufacturing,Asia
CHN_OMF,0.3833688320548497,6325.319302057946,OMF,manufacturing,CHN
Europe_OMF,0.1500176826837334,14395.332303848329,OMF,manufacturing,Europe
GEO_OMF,0.4486549959963711,44217.28056994207,OMF,manufacturing,GEO
KAZ_OMF,0.0461183256483435,241887.55541144023,OMF,manufacturing,KAZ
KGZ_OMF,0.276258985715384,16310.39370757276,OMF,manufacturing,KGZ
North America_OMF,0.1082779511483948,49001.19686781785,OMF,manufacturing,North America
Oceania_OMF,0.2551737884461582,57421.77338524551,OMF,manufacturing,Oceania
RUS_OMF,0.7840482302418175,17456.77049112225,OMF,manufacturing,RUS
South America_OMF,0.0325201368590918,11155.067833920162,OMF,manufacturing,South America
TJK_OMF,0.4719141731802234,2970871.178775491,OMF,manufacturing,TJK
TKM_OMF,0.1941375185703109,10342.836281180582,OMF,manufacturing,TKM
TUR_OMF,0.2701317695445445,8776.430743538987,OMF,manufacturing,TUR
UZB_OMF,0.0170717483390837,1991.7076911442152,OMF,manufacturing,UZB
ARM_OMT,0.0280471499844143,4073.812108007599,OMT,manufacturing,ARM
AZE_OMT,0.0150146536065145,1861.468312852535,OMT,manufacturing,AZE
Africa_OMT,0.0036356264852575,1909.686761174756,OMT,manufacturing,Africa
America_OMT,0.0067546518014059,2202.1361408776283,OMT,manufacturing,America
Asia_OMT,0.0087503370341767,2929.672232127465,OMT,manufacturing,Asia
CHN_OMT,0.0189365375307118,3270.699266515061,OMT,manufacturing,CHN
Europe_OMT,0.0670979718633978,2373.26564310834,OMT,manufacturing,Europe
GEO_OMT,0.0278214578361518,1081.468014169793,OMT,manufacturing,GEO
KAZ_OMT,0.0273964065630328,2065.3807804761004,OMT,manufacturing,KAZ
KGZ_OMT,0.0592872013991373,3827.5060019566818,OMT,manufacturing,KGZ
North America_OMT,0.065457125314502,1661.448551819012,OMT,manufacturing,North America
Oceania_OMT,0.1422036921041236,2268.5864152833283,OMT,manufacturing,Oceania
RUS_OMT,0.803710203245693,1362.225644524986,OMT,manufacturing,RUS
South America_OMT,0.1702716023422763,1729.482192365621,OMT,manufacturing,South America
TJK_OMT,0.0035504915019278,2977.153461137096,OMT,manufacturing,TJK
TKM_OMT,0.8866767366979695,2202.1361408776283,OMT,manufacturing,TKM
TUR_OMT,0.2213993818800968,1239.648299976399,OMT,manufacturing,TUR
UZB_OMT,0.0012613858250993,602.6745685472803,OMT,manufacturing,UZB
ARM_OSD,0.0061311237239502,6749.448680704681,OSD,agriculture,ARM
AZE_OSD,0.0089230190885532,1189.0587502666997,OSD,agriculture,AZE
Africa_OSD,0.1148671667766178,815.5493991737391,OSD,agriculture,Africa
America_OSD,0.3671875045698922,1149.7824231717914,OSD,agriculture,America
Asia_OSD,0.0125009706156246,716.643362218407,OSD,agriculture,Asia
CHN_OSD,0.0284382285261231,1311.5763492628291,OSD,agriculture,CHN
Europe_OSD,0.0363254494685101,489.17075739721935,OSD,agriculture,Europe
GEO_OSD,0.4827259880591467,1619.1823842016236,OSD,agriculture,GEO
KAZ_OSD,0.496255511154495,336.70378915990113,OSD,agriculture,KAZ
KGZ_OSD,0.0566227977872658,761.4246523426561,OSD,agriculture,KGZ
North America_OSD,0.4391059082021287,378.5861234789047,OSD,agriculture,North America
Oceania_OSD,0.5431334262030072,425.79072459578526,OSD,agriculture,Oceania
RUS_OSD,0.1443866701891464,349.13694558765377,OSD,agriculture,RUS
South America_OSD,0.5398215709198063,354.90334992941894,OSD,agriculture,South America
TJK_OSD,0.0095828064711721,988.8266619437272,OSD,agriculture,TJK
TKM_OSD,0.0613808627414439,1054.728328068066,OSD,agriculture,TKM
TUR_OSD,0.0833361852233307,1160.1115170649612,OSD,agriculture,TUR
UZB_OSD,0.0134014272546132,845.4594185241816,OSD,agriculture,UZB
ARM_OTN,0.4552086368905851,65873.00932160877,OTN,manufacturing,ARM
AZE_OTN,0.7672657037290272,32355.10169610307,OTN,manufacturing,AZE
Africa_OTN,0.1567656249487317,11446.941144018152,OTN,manufacturing,Africa
America_OTN,0.8863189446447582,127768.91083900236,OTN,manufacturing,America
Asia_OTN,0.2380563252625112,7305.711291956892,OTN,manufacturing,Asia
CHN_OTN,0.1812503407905076,5706.899413438369,OTN,manufacturing,CHN
Europe_OTN,0.3587052966444355,23577.90415980845,OTN,manufacturing,Europe
GEO_OTN,0.0650958817622878,193511.01532770117,OTN,manufacturing,GEO
KAZ_OTN,0.1934359753277448,20478.06141148943,OTN,manufacturing,KAZ
KGZ_OTN,0.4200021368604455,381085.6561871952,OTN,manufacturing,KGZ
North America_OTN,0.2174757194874592,129042.79342510011,OTN,manufacturing,North America
Oceania_OTN,0.1511296539945654,19139.99197223144,OTN,manufacturing,Oceania
RUS_OTN,0.5117387793880531,15662.860991353127,OTN,manufacturing,RUS
South America_OTN,0.1615145989061908,239813.20398664565,OTN,manufacturing,South America
TJK_OTN,0.6511798721805705,33813.24680332401,OTN,manufacturing,TJK
TKM_OTN,0.9929204927078344,975545.92271213,OTN,manufacturing,TKM
TUR_OTN,0.6110272730845238,14555.266106787523,OTN,manufacturing,TUR
UZB_OTN,0.354919836859881,3157.898312148858,OTN,manufacturing,UZB
ARM_OTP,0.0814262401025804,47995.246938899276,OTP,transport,ARM
AZE_OTP,0.0577582045964049,8527.720815619059,OTP,transport,AZE
Africa_OTP,0.0721279055990729,2447381.3800401483,OTP,transport,Africa
America_OTP,0.1533984318675356,83048289.78771599,OTP,transport,America
Asia_OTP,0.010947027496949,1121352945.9180496,OTP,transport,Asia
CHN_OTP,0.0025972832830679,4642.8896141806745,OTP,transport,CHN
Europe_OTP,0.009537842684687,189902890.94550696,OTP,transport,Europe
GEO_OTP,0.2240498299395092,16461.739884700837,OTP,transport,GEO
KAZ_OTP,0.011635820457253,4188641.370263311,OTP,transport,KAZ
KGZ_OTP,0.4474860654158677,20356.00387753537,OTP,transport,KGZ
North America_OTP,0.0088410666243381,374302.1463208725,OTP,transport,North America
Oceania_OTP,0.0075341331082635,18625.925470990216,OTP,transport,Oceania
RUS_OTP,0.2878353501785026,13654.262710443645,OTP,transport,RUS
South America_OTP,0.0102584563859848,9954.88791789424,OTP,transport,South America
TJK_OTP,0.0780697723367451,98024.37903017343,OTP,transport,TJK
TKM_OTP,0.4181177585505807,77761.7632668885,OTP,transport,TKM
TUR_OTP,0.0217378748811072,5861.18143166147,OTP,transport,TUR
UZB_OTP,0.1094335196957337,33521.17523748388,OTP,transport,UZB
ARM_OXT,0.7866493787528147,1054.5097487240585,OXT,mining,ARM
AZE_OXT,0.0169429710440034,208.46321340458096,OXT,mining,AZE
Africa_OXT,0.3604477865702379,176.83611834588226,OXT,mining,Africa
America_OXT,0.134772783456934,4965.310457466781,OXT,mining,America
Asia_OXT,0.1017376133723317,216.9811334510292,OXT,mining,Asia
CHN_OXT,0.0121519063385968,121.90421799164876,OXT,mining,CHN
Europe_OXT,0.1272987201429172,300.9004702508071,OXT,mining,Europe
GEO_OXT,0.8775894120529453,1165.6416642923452,OXT,mining,GEO
KAZ_OXT,0.2950130285211007,74476.55952783229,OXT,mining,KAZ
KGZ_OXT,0.7152652326726855,2996.580906195965,OXT,mining,KGZ
North America_OXT,0.0894108134213315,285.2516633303406,OXT,mining,North America
Oceania_OXT,0.5627910178875578,79.14767615946978,OXT,mining,Oceania
RUS_OXT,0.2719769635929299,497.25749520118256,OXT,mining,RUS
South America_OXT,0.6461922077488519,138.83045705781646,OXT,mining,South America
TJK_OXT,0.8362399300888436,1275.3221107330369,OXT,mining,TJK
TKM_OXT,0.0858675051503404,78.8796513839116,OXT,mining,TKM
TUR_OXT,0.2874151293470478,169.95413434349902,OXT,mining,TUR
UZB_OXT,0.0066361370397377,1167.2575882374106,OXT,mining,UZB
ARM_PCR,0.0026673506612191,4396.362045299278,PCR,manufacturing,ARM
AZE_PCR,0.0016099927569217,1125.6361640554835,PCR,manufacturing,AZE
Africa_PCR,0.0022390852412903,543.8425365430131,PCR,manufacturing,Africa
America_PCR,0.1504242709065035,889.5113958867278,PCR,manufacturing,America
Asia_PCR,0.0494976276838297,505.1334458418149,PCR,manufacturing,Asia
CHN_PCR,0.0081126535689149,474.4324590061403,PCR,manufacturing,CHN
Europe_PCR,0.0243950634397042,746.6223128612438,PCR,manufacturing,Europe
GEO_PCR,0.0195664569850556,1160.0965647176588,PCR,manufacturing,GEO
KAZ_PCR,0.2073071134871926,246.3348861455458,PCR,manufacturing,KAZ
KGZ_PCR,0.125130626907688,844.4278009793993,PCR,manufacturing,KGZ
North America_PCR,0.1116607618803426,541.729309914979,PCR,manufacturing,North America
Oceania_PCR,0.2071683105851865,815.9054579259478,PCR,manufacturing,Oceania
RUS_PCR,0.38408638191616,448.3084441403752,PCR,manufacturing,RUS
South America_PCR,0.0244839762393503,393.3492515554444,PCR,manufacturing,South America
TJK_PCR,0.6172262922509445,484.8134743135723,PCR,manufacturing,TJK
TKM_PCR,0.5931527625741659,889.5113958867278,PCR,manufacturing,TKM
TUR_PCR,0.3696880816246313,536.0128626165643,PCR,manufacturing,TUR
UZB_PCR,0.0014498105390806,969.1753182711836,PCR,manufacturing,UZB
ARM_PDR,0.0003281830961265,5831.908835601082,PDR,agriculture,ARM
AZE_PDR,0.0009926976864781,957.0810389091998,PDR,agriculture,AZE
Africa_PDR,0.0005659182514753,788.046395168424,PDR,agriculture,Africa
America_PDR,0.1187157489939318,1066.7257809537434,PDR,agriculture,America
Asia_PDR,0.0001144490744379,426.5516397919641,PDR,agriculture,Asia
CHN_PDR,0.0005048138746047,2889.1009174389587,PDR,agriculture,CHN
Europe_PDR,0.0048034237988679,473.6769468082897,PDR,agriculture,Europe
GEO_PDR,0.00056526024702,1671.9299240929192,PDR,agriculture,GEO
KAZ_PDR,0.0165875730331625,743.458427742156,PDR,agriculture,KAZ
KGZ_PDR,0.0001624579503439,573.4008667782181,PDR,agriculture,KGZ
North America_PDR,0.0392904863260241,279.6337738846526,PDR,agriculture,North America
Oceania_PDR,1.2170035072409544e-05,780.4172874279577,PDR,agriculture,Oceania
RUS_PDR,0.0483040838215546,298.8533988085308,PDR,agriculture,RUS
South America_PDR,0.0065330901968677,298.16101977302645,PDR,agriculture,South America
TJK_PDR,3.097483247246781e-05,181.43716377425596,PDR,agriculture,TJK
TKM_PDR,0.0157769679858792,1066.7257809537434,PDR,agriculture,TKM
TUR_PDR,0.0010785595956771,349.0124769242872,PDR,agriculture,TUR
UZB_PDR,0.0005443237104901,524.9423823359737,PDR,agriculture,UZB
ARM_PFB,0.0081003311271254,1638.4072212326303,PFB,agriculture,ARM
AZE_PFB,0.0398963265384049,1504.688839024609,PFB,agriculture,AZE
Africa_PFB,0.2773544894925528,1652.8132493510498,PFB,agriculture,Africa
America_PFB,0.0463548277951962,1638.4072212326303,PFB,agriculture,America
Asia_PFB,0.0206766477333258,1445.761857382178,PFB,agriculture,Asia
CHN_PFB,0.0010646918346679,2059.658496029764,PFB,agriculture,CHN
Europe_PFB,0.2730982199766913,1516.2159417174887,PFB,agriculture,Europe
GEO_PFB,0.0450463150988173,1638.4072212326303,PFB,agriculture,GEO
KAZ_PFB,0.2674077213856297,2362.2230019877998,PFB,agriculture,KAZ
KGZ_PFB,0.7497322409464261,1410.4662995666706,PFB,agriculture,KGZ
North America_PFB,0.3882698254119381,1676.1238051464334,PFB,agriculture,North America
Oceania_PFB,0.279759066959288,1612.787011647084,PFB,agriculture,Oceania
RUS_PFB,0.7586967982625714,1131.6822190815917,PFB,agriculture,RUS
South America_PFB,0.1850290290605743,1531.1172243966998,PFB,agriculture,South America
TJK_PFB,0.445460734866004,1544.3898741734722,PFB,agriculture,TJK
TKM_PFB,0.9816388622308552,1504.191230127156,PFB,agriculture,TKM
TUR_PFB,0.0454315305013124,1931.5570552561096,PFB,agriculture,TUR
UZB_PFB,0.1194177113503283,1692.432213601344,PFB,agriculture,UZB
ARM_PPP,0.0866808676810707,1761.341204407472,PPP,manufacturing,ARM
AZE_PPP,0.0460892791690666,336.8837641222513,PPP,manufacturing,AZE
Africa_PPP,0.0622708234701307,1016.4224498465315,PPP,manufacturing,Africa
America_PPP,0.028563975057924,1421.820468451662,PPP,manufacturing,America
Asia_PPP,0.0463955787836571,1065.5617644864903,PPP,manufacturing,Asia
CHN_PPP,0.0494640117076731,1885.6668491055968,PPP,manufacturing,CHN
Europe_PPP,0.0677048494562462,1023.4918191432902,PPP,manufacturing,Europe
GEO_PPP,0.2542466442282791,2850.7415386384146,PPP,manufacturing,GEO
KAZ_PPP,0.06720388924281,2014.900295714356,PPP,manufacturing,KAZ
KGZ_PPP,0.1846966761886925,1575.5923338128766,PPP,manufacturing,KGZ
North America_PPP,0.0731475090966611,947.14954877828,PPP,manufacturing,North America
Oceania_PPP,0.1163261626139452,687.2395864862561,PPP,manufacturing,Oceania
RUS_PPP,0.3794920109476982,669.4935607921146,PPP,manufacturing,RUS
South America_PPP,0.1491127989541688,562.4348675608101,PPP,manufacturing,South America
TJK_PPP,0.2857353582194011,3718.36865344801,PPP,manufacturing,TJK
TKM_PPP,0.0304920854949005,975.7194454293152,PPP,manufacturing,TKM
TUR_PPP,0.164595982134805,1462.1875912613768,PPP,manufacturing,TUR
UZB_PPP,0.1122354988126279,1617.7526906448113,PPP,manufacturing,UZB
ARM_P_C,0.0064645571612128,8661.760489770984,P,manufacturing,ARM
AZE_P_C,0.1322169873814425,224.7003475095548,P,manufacturing,AZE
Africa_P_C,0.1411560087731941,376.944493601498,P,manufacturing,Africa
America_P_C,0.2875801271555774,83048289.78771599,P,manufacturing,America
Asia_P_C,0.1054757812193097,404.4531008150469,P,manufacturing,Asia
CHN_P_C,0.0593340804297589,332.66919175961226,P,manufacturing,CHN
Europe_P_C,0.1058620657447744,427.3971973586365,P,manufacturing,Europe
GEO_P_C,0.1771431585819529,108.77538262642894,P,manufacturing,GEO
KAZ_P_C,0.1493728005326356,289.7485067479778,P,manufacturing,KAZ
KGZ_P_C,0.0565000997802042,241.014130686646,P,manufacturing,KGZ
North America_P_C,0.1415390201397989,272.54201212594364,P,manufacturing,North America
Oceania_P_C,0.0727893405152371,391.6750875060926,P,manufacturing,Oceania
RUS_P_C,0.4771335460092556,265.8418471523645,P,manufacturing,RUS
South America_P_C,0.081498094127167,341.9669717014779,P,manufacturing,South America
TJK_P_C,0.0143309789308245,8164.672369841515,P,manufacturing,TJK
TKM_P_C,0.3484546322904652,233.4470825449044,P,manufacturing,TKM
TUR_P_C,0.0901427556733066,476.25068134566686,P,manufacturing,TUR
UZB_P_C,0.0211954303429833,593.7607135374232,P,manufacturing,UZB
ARM_RMK,3.963282351070276e-05,778.4912652708546,RMK,agriculture,ARM
AZE_RMK,9.805377983305602e-05,859.3470720006538,RMK,agriculture,AZE
Africa_RMK,0.0012227431795555,659.6016238097774,RMK,agriculture,Africa
America_RMK,0.0002025355471855,860.3302318533188,RMK,agriculture,America
Asia_RMK,0.0001259829695822,1297.509037690401,RMK,agriculture,Asia
CHN_RMK,0.0001259465369882,828.0439683014688,RMK,agriculture,CHN
Europe_RMK,9.996941373170824e-05,656.3063757350627,RMK,agriculture,Europe
GEO_RMK,0.0036303355876976,860.3302318533188,RMK,agriculture,GEO
KAZ_RMK,0.0001546777795601,367.0696048706523,RMK,agriculture,KAZ
KGZ_RMK,9.15171534209381e-05,349.2536351057028,RMK,agriculture,KGZ
North America_RMK,3.159023321015772e-05,902.3017521599414,RMK,agriculture,North America
Oceania_RMK,2.131901943965755e-05,1277.5579952238263,RMK,agriculture,Oceania
RUS_RMK,0.3897482341004104,630.1679653667301,RMK,agriculture,RUS
South America_RMK,3.625743831204693e-05,1251.3827239619773,RMK,agriculture,South America
TJK_RMK,2.682865251009336e-05,1448.9773495860716,RMK,agriculture,TJK
TKM_RMK,0.4829534827209362,860.3302318533188,RMK,agriculture,TKM
TUR_RMK,0.0001185050482941,738.6128768633424,RMK,agriculture,TUR
UZB_RMK,0.0005000108274259,860.3302318533188,RMK,agriculture,UZB
ARM_ROS,0.0923302385409822,47995.246938899276,ROS,service,ARM
AZE_ROS,0.0290221775369906,8527.720815619059,ROS,service,AZE
Africa_ROS,0.0144457671399628,2447381.3800401483,ROS,service,Africa
America_ROS,0.0543892345189121,83048289.78771599,ROS,service,America
Asia_ROS,0.005748003615256,1121352945.9180496,ROS,service,Asia
CHN_ROS,0.0024783034020631,4642.8896141806745,ROS,service,CHN
Europe_ROS,0.0070116758719662,189902890.94550696,ROS,service,Europe
GEO_ROS,0.0511777866386112,16461.739884700837,ROS,service,GEO
KAZ_ROS,0.0062403870120491,4188641.370263311,ROS,service,KAZ
KGZ_ROS,0.1926233872092798,20356.00387753537,ROS,service,KGZ
North America_ROS,0.0124391360357817,374302.1463208725,ROS,service,North America
Oceania_ROS,0.015190153616554,18625.925470990216,ROS,service,Oceania
RUS_ROS,0.8348428454820286,13654.262710443645,ROS,service,RUS
South America_ROS,0.0042857854594656,9954.88791789424,ROS,service,South America
TJK_ROS,0.0251254612750879,98024.37903017343,ROS,service,TJK
TKM_ROS,0.9536710535714932,77761.7632668885,ROS,service,TKM
TUR_ROS,0.0143285605044332,5861.18143166147,ROS,service,TUR
UZB_ROS,0.0189727301202174,33521.17523748388,ROS,service,UZB
ARM_RPP,0.1269486171514722,2120.7805501209814,RPP,manufacturing,ARM
AZE_RPP,0.022682508385342,2549.257531683521,RPP,manufacturing,AZE
Africa_RPP,0.1252598483476675,3103.270643451504,RPP,manufacturing,Africa
America_RPP,0.0412503998685678,3494.4520798016133,RPP,manufacturing,America
Asia_RPP,0.148002090793336,4521.575127108918,RPP,manufacturing,Asia
CHN_RPP,0.1431925693256927,3321.8364906871266,RPP,manufacturing,CHN
Europe_RPP,0.0971758801263131,4741.96731151759,RPP,manufacturing,Europe
GEO_RPP,0.3343758969614043,6315.050641007163,RPP,manufacturing,GEO
KAZ_RPP,0.0942413903087424,2740.9411398282527,RPP,manufacturing,KAZ
KGZ_RPP,0.7690813397221076,1304.4608194610646,RPP,manufacturing,KGZ
North America_RPP,0.0651750678894215,5807.302054884236,RPP,manufacturing,North America
Oceania_RPP,0.0761175219554458,4748.332464032862,RPP,manufacturing,Oceania
RUS_RPP,0.5530345428809174,2875.456694458612,RPP,manufacturing,RUS
South America_RPP,0.020571084859449,3696.5725655782094,RPP,manufacturing,South America
TJK_RPP,0.3282247099606659,4680.053293240963,RPP,manufacturing,TJK
TKM_RPP,0.0755793111521464,2122.468595911746,RPP,manufacturing,TKM
TUR_RPP,0.3093912988424367,3109.656207547778,RPP,manufacturing,TUR
UZB_RPP,0.0323248608395294,1646.7032261069014,RPP,manufacturing,UZB
ARM_SER,0.29946870643315,47995.246938899276,SER,service,ARM
AZE_SER,0.1531739630111257,8527.720815619059,SER,service,AZE
Africa_SER,0.0654275703340546,2447381.3800401483,SER,service,Africa
America_SER,0.3097724222649429,83048289.78771599,SER,service,America
Asia_SER,0.0500628853679683,1121352945.9180496,SER,service,Asia
CHN_SER,0.014746033143056,4642.8896141806745,SER,service,CHN
Europe_SER,0.0374533534291389,189902890.94550696,SER,service,Europe
GEO_SER,0.2754796982114521,16461.739884700837,SER,service,GEO
KAZ_SER,0.0329307973357296,4188641.370263311,SER,service,KAZ
KGZ_SER,0.2922859326055941,20356.00387753537,SER,service,KGZ
North America_SER,0.035567913387847,374302.1463208725,SER,service,North America
Oceania_SER,0.0391005187036021,18625.925470990216,SER,service,Oceania
RUS_SER,0.6148441690573389,13654.262710443645,SER,service,RUS
South America_SER,0.0206517276647539,9954.88791789424,SER,service,South America
TJK_SER,0.2001546633467913,98024.37903017343,SER,service,TJK
TKM_SER,0.6438386918031457,77761.7632668885,SER,service,TKM
TUR_SER,0.064248453195278,5861.18143166147,SER,service,TUR
UZB_SER,0.139850666364636,33521.17523748388,SER,service,UZB
ARM_SGR,0.0024505066912881,3192.126767492662,SGR,agriculture,ARM
AZE_SGR,0.9799233477432712,541.3676764123275,SGR,agriculture,AZE
Africa_SGR,0.0603507296358079,438.5111593308261,SGR,agriculture,Africa
America_SGR,0.653852829733173,748.0928106590866,SGR,agriculture,America
Asia_SGR,0.057628637856664,437.0089831643952,SGR,agriculture,Asia
CHN_SGR,0.0051891293011595,714.8425752526905,SGR,agriculture,CHN
Europe_SGR,0.0550426489084175,469.7018783239566,SGR,agriculture,Europe
GEO_SGR,0.735038652587894,474.0912825602568,SGR,agriculture,GEO
KAZ_SGR,0.5591257170640679,441.6716237058741,SGR,agriculture,KAZ
KGZ_SGR,0.2840357638338446,1001.390268224524,SGR,agriculture,KGZ
North America_SGR,0.0352043954537964,460.07993601549487,SGR,agriculture,North America
Oceania_SGR,0.3761820012284797,376.2694121753947,SGR,agriculture,Oceania
RUS_SGR,0.3663231461444275,347.39344309476667,SGR,agriculture,RUS
South America_SGR,0.2844891983564981,386.04819765845474,SGR,agriculture,South America
TJK_SGR,0.7683675589936882,1070.4792662681098,SGR,agriculture,TJK
TKM_SGR,0.0636433733986789,748.0928106590866,SGR,agriculture,TKM
TUR_SGR,0.0147758965019937,517.7837073018331,SGR,agriculture,TUR
UZB_SGR,0.0004992016777395,1100.7187935638192,SGR,agriculture,UZB
ARM_TEX,0.0447722035954727,3137.050057601891,TEX,manufacturing,ARM
AZE_TEX,0.4059255082003243,3161.3940918862745,TEX,manufacturing,AZE
Africa_TEX,0.0776006140397065,4886.000208305874,TEX,manufacturing,Africa
America_TEX,0.1275801836937068,4614.174327306879,TEX,manufacturing,America
Asia_TEX,0.1719748570560799,4632.237817720771,TEX,manufacturing,Asia
CHN_TEX,0.1561829576678856,5131.868788145826,TEX,manufacturing,CHN
Europe_TEX,0.1045527657744739,7532.057923026637,TEX,manufacturing,Europe
GEO_TEX,0.5201796827517614,4802.5612360856485,TEX,manufacturing,GEO
KAZ_TEX,0.1999894908494585,7501.149849518598,TEX,manufacturing,KAZ
KGZ_TEX,0.2066988229531105,2935.1816265689768,TEX,manufacturing,KGZ
North America_TEX,0.0789100716791832,6621.74540702056,TEX,manufacturing,North America
Oceania_TEX,0.2167415093329635,6734.076362267673,TEX,manufacturing,Oceania
RUS_TEX,0.511292599742096,4276.771433518255,TEX,manufacturing,RUS
South America_TEX,0.0186511870464878,5348.391976766799,TEX,manufacturing,South America
TJK_TEX,0.4166624292410349,2573.551600504296,TEX,manufacturing,TJK
TKM_TEX,0.7682966279087843,2375.291360085359,TEX,manufacturing,TKM
TUR_TEX,0.304521120909982,4457.7686508030365,TEX,manufacturing,TUR
UZB_TEX,0.3822929280845293,2333.865174390457,TEX,manufacturing,UZB
ARM_TRD,0.0355968003174746,47995.246938899276,TRD,trade,ARM
AZE_TRD,0.0246323669893925,8527.720815619059,TRD,trade,AZE
Africa_TRD,0.0101911447804503,2447381.3800401483,TRD,trade,Africa
America_TRD,0.0726710940963496,83048289.78771599,TRD,trade,America
Asia_TRD,0.0243272845096937,1121352945.9180496,TRD,trade,Asia
CHN_TRD,0.0073591450022628,4642.8896141806745,TRD,trade,CHN
Europe_TRD,0.0138999699596182,189902890.94550696,TRD,trade,Europe
GEO_TRD,0.029701017503931,16461.739884700837,TRD,trade,GEO
KAZ_TRD,0.0042138418946696,4188641.370263311,TRD,trade,KAZ
KGZ_TRD,0.1040600376675915,20356.00387753537,TRD,trade,KGZ
North America_TRD,0.0113330445803551,374302.1463208725,TRD,trade,North America
Oceania_TRD,0.0152641625015017,18625.925470990216,TRD,trade,Oceania
RUS_TRD,0.5927963283081795,13654.262710443645,TRD,trade,RUS
South America_TRD,0.0070433012635227,9954.88791789424,TRD,trade,South America
TJK_TRD,0.010195513538713,98024.37903017343,TRD,trade,TJK
TKM_TRD,0.5113633466623005,77761.7632668885,TRD,trade,TKM
TUR_TRD,0.0143177358642984,5861.18143166147,TRD,trade,TUR
UZB_TRD,0.0221353099127295,33521.17523748388,TRD,trade,UZB
ARM_VOL,0.0053302341243783,5181.439141476406,VOL,manufacturing,ARM
AZE_VOL,0.4350586940045943,820.3582522286403,VOL,manufacturing,AZE
Africa_VOL,0.0527682380900646,1249.6162125659416,VOL,manufacturing,Africa
America_VOL,0.1670259678784748,1067.6284543272563,VOL,manufacturing,America
Asia_VOL,0.1846530868196163,666.6603517123751,VOL,manufacturing,Asia
CHN_VOL,0.0063169706950445,763.645976043746,VOL,manufacturing,CHN
Europe_VOL,0.1345000051760991,921.3392042492924,VOL,manufacturing,Europe
GEO_VOL,0.9679735563386016,1301.519734608196,VOL,manufacturing,GEO
KAZ_VOL,0.6998194832676591,520.5467427455163,VOL,manufacturing,KAZ
KGZ_VOL,0.1382109758451061,1701.1340646226674,VOL,manufacturing,KGZ
North America_VOL,0.0750285407779158,535.3298692242817,VOL,manufacturing,North America
Oceania_VOL,0.4380375460243755,812.7171010096866,VOL,manufacturing,Oceania
RUS_VOL,0.562277645343832,586.5442982735696,VOL,manufacturing,RUS
South America_VOL,0.3575500756956212,440.2684058135965,VOL,manufacturing,South America
TJK_VOL,0.0073258767584314,526.9907530127502,VOL,manufacturing,TJK
TKM_VOL,0.9362791004941968,510.6031688162556,VOL,manufacturing,TKM
TUR_VOL,0.3462924237711746,1014.9387398064576,VOL,manufacturing,TUR
UZB_VOL,0.0675133920585766,596.031707353979,VOL,manufacturing,UZB
ARM_V_F,0.0858848966417917,548.5571470738441,V,agriculture,ARM
AZE_V_F,0.4006317983819442,718.7818015618268,V,agriculture,AZE
Africa_V_F,0.1048163809764791,1028.0159680508875,V,agriculture,Africa
America_V_F,0.0633215052407799,83048289.78771599,V,agriculture,America
Asia_V_F,0.0345267774223914,716.445898639975,V,agriculture,Asia
CHN_V_F,0.024137870526741,1043.0297480036045,V,agriculture,CHN
Europe_V_F,0.0396781443288589,947.7850934103752,V,agriculture,Europe
GEO_V_F,0.3300368729858035,714.0445918952157,V,agriculture,GEO
KAZ_V_F,0.0567344296408981,320.9530225627654,V,agriculture,KAZ
KGZ_V_F,0.3031910580359048,762.8179199507803,V,agriculture,KGZ
North America_V_F,0.1791278902420614,995.200463751014,V,agriculture,North America
Oceania_V_F,0.4316344791731519,1162.464660647638,V,agriculture,Oceania
RUS_V_F,0.5554236620710848,469.7419325430941,V,agriculture,RUS
South America_V_F,0.2508775874368339,986.8453289748848,V,agriculture,South America
TJK_V_F,0.0641376367966553,1002.9953934219976,V,agriculture,TJK
TKM_V_F,0.88567173943728,669.3670709720795,V,agriculture,TKM
TUR_V_F,0.2720271199146692,738.6787914109243,V,agriculture,TUR
UZB_V_F,0.0675439596856536,666.0701474783452,V,agriculture,UZB
ARM_WAP,0.860411124884202,101183.03566723112,WAP,manufacturing,ARM
AZE_WAP,0.0373156699138373,16173.718856946003,WAP,manufacturing,AZE
Africa_WAP,0.2170403908948943,25421.4666437514,WAP,manufacturing,Africa
America_WAP,0.5621734280590587,28726.330913928487,WAP,manufacturing,America
Asia_WAP,0.4224050144659692,20198.11590618171,WAP,manufacturing,Asia
CHN_WAP,0.3393551260420792,16909.664235519005,WAP,manufacturing,CHN
Europe_WAP,0.11517417639859,41038.87678454879,WAP,manufacturing,Europe
GEO_WAP,0.8950214791082769,48456.47382395546,WAP,manufacturing,GEO
KAZ_WAP,0.1361140156892519,12807.906304428065,WAP,manufacturing,KAZ
KGZ_WAP,0.9588987198360914,23205.44492290981,WAP,manufacturing,KGZ
North America_WAP,0.0866235924224742,15320.77342548674,WAP,manufacturing,North America
Oceania_WAP,0.0736244744484353,41263.23662928162,WAP,manufacturing,Oceania
RUS_WAP,0.5163347556904323,30323.585275110643,WAP,manufacturing,RUS
South America_WAP,0.0185958844357322,34302.96082645513,WAP,manufacturing,South America
TJK_WAP,0.9668228706841444,14322.295795973576,WAP,manufacturing,TJK
TKM_WAP,0.6471377806274626,15406.936831264797,WAP,manufacturing,TKM
TUR_WAP,0.4979619448813305,20612.68131750132,WAP,manufacturing,TUR
UZB_WAP,0.3673846491239677,11400.452290239118,WAP,manufacturing,UZB
ARM_WHS,0.1396749441234051,47995.246938899276,WHS,transport,ARM
AZE_WHS,0.1121931334578909,8527.720815619059,WHS,transport,AZE
Africa_WHS,0.0924457789255842,2447381.3800401483,WHS,transport,Africa
America_WHS,0.2969261976778771,83048289.78771599,WHS,transport,America
Asia_WHS,0.0309217033081612,1121352945.9180496,WHS,transport,Asia
CHN_WHS,0.0470410090438132,4642.8896141806745,WHS,transport,CHN
Europe_WHS,0.0139443657971585,189902890.94550696,WHS,transport,Europe
GEO_WHS,0.2795461055159493,16461.739884700837,WHS,transport,GEO
KAZ_WHS,0.0316892768699682,4188641.370263311,WHS,transport,KAZ
KGZ_WHS,0.5895319344803462,20356.00387753537,WHS,transport,KGZ
North America_WHS,0.0479969251877661,374302.1463208725,WHS,transport,North America
Oceania_WHS,0.0379781541572817,18625.925470990216,WHS,transport,Oceania
RUS_WHS,0.2035865884507221,13654.262710443645,WHS,transport,RUS
South America_WHS,0.0300808521920558,9954.88791789424,WHS,transport,South America
TJK_WHS,0.03595601849964,98024.37903017343,WHS,transport,TJK
TKM_WHS,0.1994945530779729,77761.7632668885,WHS,transport,TKM
TUR_WHS,0.0234501042158315,5861.18143166147,WHS,transport,TUR
UZB_WHS,0.2426629777387261,33521.17523748388,WHS,transport,UZB
ARM_WHT,0.0005872113237146,778.623513822987,WHT,agriculture,ARM
AZE_WHT,0.0024599202185113,258.5140242056569,WHT,agriculture,AZE
Africa_WHT,0.001749558225226,291.702631016196,WHT,agriculture,Africa
America_WHT,0.7215850366294594,258.5140242056569,WHT,agriculture,America
Asia_WHT,0.0015202339616503,227.71626981750933,WHT,agriculture,Asia
CHN_WHT,9.790856015263562e-05,296.98183154877006,WHT,agriculture,CHN
Europe_WHT,0.2367272050060094,186.4925835024328,WHT,agriculture,Europe
GEO_WHT,0.1011972167418174,286.5474609436237,WHT,agriculture,GEO
KAZ_WHT,0.2945141601349179,169.36010040855464,WHT,agriculture,KAZ
KGZ_WHT,0.0028654963987394,119.7485280910089,WHT,agriculture,KGZ
North America_WHT,0.4544425026089994,228.0170101888268,WHT,agriculture,North America
Oceania_WHT,0.8144244586345456,204.0615938234614,WHT,agriculture,Oceania
RUS_WHT,0.6900306372910147,166.98957021142397,WHT,agriculture,RUS
South America_WHT,0.2157716349207392,187.88344940891017,WHT,agriculture,South America
TJK_WHT,0.0012143218501286,258.5140242056569,WHT,agriculture,TJK
TKM_WHT,0.9201433346377098,258.5140242056569,WHT,agriculture,TKM
TUR_WHT,0.0076279334032631,293.465105123338,WHT,agriculture,TUR
UZB_WHT,0.0384049671659504,181.6066909721537,WHT,agriculture,UZB
ARM_WOL,0.0010847470630039,3057.005560715129,WOL,agriculture,ARM
AZE_WOL,0.0119498358695328,359.8547217715969,WOL,agriculture,AZE
Africa_WOL,0.0832657807177611,6930.805521118616,WOL,agriculture,Africa
America_WOL,0.4906277342320918,3057.005560715129,WOL,agriculture,America
Asia_WOL,0.0471219390761909,1215.6537298876872,WOL,agriculture,Asia
CHN_WOL,0.0028264932751446,2886.956064922524,WOL,agriculture,CHN
Europe_WOL,0.1393709732917963,2122.423021679355,WOL,agriculture,Europe
GEO_WOL,0.0790382744427501,470.9968402847816,WOL,agriculture,GEO
KAZ_WOL,0.0217717052689854,526.0344880767564,WOL,agriculture,KAZ
KGZ_WOL,0.0722675338897302,509.0982608438933,WOL,agriculture,KGZ
North America_WOL,0.0466308488313923,2926.554089948656,WOL,agriculture,North America
Oceania_WOL,0.839053675784233,8579.646047468716,WOL,agriculture,Oceania
RUS_WOL,0.5377947131908467,2053.86663929999,WOL,agriculture,RUS
South America_WOL,0.1744381464064069,4819.650026989812,WOL,agriculture,South America
TJK_WOL,0.1440913944711865,11612.44915436907,WOL,agriculture,TJK
TKM_WOL,0.5629024373761594,1003.8020659758196,WOL,agriculture,TKM
TUR_WOL,0.0278724856062062,2266.076228098068,WOL,agriculture,TUR
UZB_WOL,0.0036347965825347,628.2220707067208,WOL,agriculture,UZB
ARM_WTP,0.0863605050768024,47995.246938899276,WTP,transport,ARM
AZE_WTP,0.2769339209754021,8527.720815619059,WTP,transport,AZE
Africa_WTP,0.2590152669587707,2447381.3800401483,WTP,transport,Africa
America_WTP,0.3985333379618172,83048289.78771599,WTP,transport,America
Asia_WTP,0.0586274147618438,1121352945.9180496,WTP,transport,Asia
CHN_WTP,0.107244442262405,4642.8896141806745,WTP,transport,CHN
Europe_WTP,0.0446086393280702,189902890.94550696,WTP,transport,Europe
GEO_WTP,0.5526579269721266,16461.739884700837,WTP,transport,GEO
KAZ_WTP,0.0842804951260182,4188641.370263311,WTP,transport,KAZ
KGZ_WTP,0.2338719844092256,20356.00387753537,WTP,transport,KGZ
North America_WTP,0.3054723944284935,374302.1463208725,WTP,transport,North America
Oceania_WTP,0.0790937082013113,18625.925470990216,WTP,transport,Oceania
RUS_WTP,0.7011365751188321,13654.262710443645,WTP,transport,RUS
South America_WTP,0.1853919017918929,9954.88791789424,WTP,transport,South America
TJK_WTP,0.614246143023336,98024.37903017343,WTP,transport,TJK
TKM_WTP,0.8322526296842377,77761.7632668885,WTP,transport,TKM
TUR_WTP,0.048659275854574,5861.18143166147,WTP,transport,TUR
UZB_WTP,0.2550823656123983,33521.17523748388,WTP,transport,UZB
ARM_WTR,0.0151889015314109,326.59881596158186,WTR,utility,ARM
AZE_WTR,0.0049942990765299,660.790318805132,WTR,utility,AZE
Africa_WTR,0.0023320480680826,584.9905985887833,WTR,utility,Africa
America_WTR,0.004348193223483,328.3928644118474,WTR,utility,America
Asia_WTR,0.0006694496603227,309.97349252373766,WTR,utility,Asia
CHN_WTR,0.0004651596310774,57.479670933855765,WTR,utility,CHN
Europe_WTR,0.0004662683895662,148.23185399654434,WTR,utility,Europe
GEO_WTR,0.0171365588347727,435.0633611925885,WTR,utility,GEO
KAZ_WTR,0.0007791696221502,329.7072419315195,WTR,utility,KAZ
KGZ_WTR,0.0303318520377151,308.505481461978,WTR,utility,KGZ
North America_WTR,0.0009061644820446,331.4115854463885,WTR,utility,North America
Oceania_WTR,0.0009320932478601,497.3948821542465,WTR,utility,Oceania
RUS_WTR,0.2357832498191553,126.10252076618536,WTR,utility,RUS
South America_WTR,0.0004177641644055,555.2015910156966,WTR,utility,South America
TJK_WTR,0.0029686594815933,328.3928644118474,WTR,utility,TJK
TKM_WTR,0.1713910638679429,328.3928644118474,WTR,utility,TKM
TUR_WTR,0.0013748031043694,142.77019821007042,WTR,utility,TUR
UZB_WTR,0.0032705802119101,111.67135318940292,WTR,utility,UZB
IMP,1.0,83048289.78771599,IMP,imports,
