gsc,hs
b_t,240391
b_t,2201
b_t,240399
b_t,1107
b_t,2204
b_t,220850
b_t,220890
b_t,220870
b_t,240319
b_t,2402
b_t,220840
b_t,220830
b_t,2205
b_t,220820
b_t,220860
b_t,240120
b_t,220210
b_t,2206
b_t,240311
b_t,220299
b_t,220291
b_t,2203
b_t,220710
c_b,120910
c_b,121291
c_b,121293
c_b,121299
cmt,0204
cmt,0206
cmt,020321
cmt,0201
cmt,0202
cmt,020830
cmt,020810
cmt,020860
cmt,020840
cmt,020322
cmt,020890
cmt,020329
cmt,0504
cmt,0205
ctl,0104
ctl,010613
ctl,010619
ctl,010229
ctl,010231
ctl,010290
ctl,010239
ctl,051110
ctl,010221
ctl,010129
ctl,010130
ctl,010190
ctl,010121
frs,440323
frs,440111
frs,440393
frs,440398
frs,440395
frs,130120
frs,440322
frs,400130
frs,440391
frs,060490
frs,440394
frs,440349
frs,060420
frs,440397
frs,440325
frs,450110
frs,080290
frs,440321
frs,440324
frs,130190
frs,440396
frs,440341
frs,140490
frs,440399
frs,440112
frs,440326
frs,1401
gro,1005
gro,100710
gro,100829
gro,100410
gro,100850
gro,100860
gro,100810
gro,100390
gro,100210
gro,100490
gro,100840
gro,100890
gro,100310
gro,100790
gro,100821
gro,100830
gro,100290
mil,040520
mil,040390
mil,040790
mil,040510
mil,350110
mil,040110
mil,0404
mil,040140
mil,040590
mil,040310
mil,2105
mil,040120
mil,0402
mil,0406
mil,040150
oap,010631
oap,041000
oap,010614
oap,010639
oap,010513
oap,430190
oap,152190
oap,030760
oap,010512
oap,410390
oap,160558
oap,040729
oap,0103
oap,010594
oap,040721
oap,410190
oap,010515
oap,010632
oap,010690
oap,410120
oap,4102
oap,040719
oap,410150
oap,010611
oap,010619
oap,430130
oap,010620
oap,410320
oap,430160
oap,010649
oap,410330
oap,040711
oap,430110
oap,051199
oap,010599
oap,0409
oap,010641
oap,010514
oap,010633
oap,010612
oap,430180
oap,010511
ocr,060315
ocr,120921
ocr,090961
ocr,1213
ocr,090931
ocr,0903
ocr,400122
ocr,091099
ocr,091091
ocr,060314
ocr,060319
ocr,121190
ocr,090710
ocr,120922
ocr,1210
ocr,120924
ocr,060210
ocr,120923
ocr,121150
ocr,400129
ocr,060240
ocr,0601
ocr,091020
ocr,090240
ocr,090921
ocr,121130
ocr,121299
ocr,121490
ocr,060230
ocr,090421
ocr,090821
ocr,240110
ocr,060390
ocr,060290
ocr,121294
ocr,090611
ocr,090411
ocr,400121
ocr,090811
ocr,121140
ocr,060220
ocr,120999
ocr,1801
ocr,121120
ocr,090220
ocr,400110
ocr,060312
ocr,060311
ocr,091030
ocr,130211
ocr,120925
ocr,090831
ocr,090619
ocr,091011
ocr,090111
ocr,090510
ocr,120929
ocr,120930
ocr,060313
ofd,030391
ofd,090230
ofd,130232
ofd,160530
ofd,200990
ofd,091091
ofd,030743
ofd,190532
ofd,030431
ofd,030448
ofd,170290
ofd,160569
ofd,080290
ofd,090112
ofd,030493
ofd,160563
ofd,1106
ofd,0710
ofd,030356
ofd,030752
ofd,030551
ofd,030693
ofd,030392
ofd,030462
ofd,2309
ofd,160413
ofd,160415
ofd,030323
ofd,030792
ofd,160561
ofd,200941
ofd,030543
ofd,160552
ofd,030433
ofd,030319
ofd,030366
ofd,090422
ofd,030632
ofd,071220
ofd,071140
ofd,030351
ofd,030343
ofd,030495
ofd,160529
ofd,030444
ofd,030445
ofd,090122
ofd,051191
ofd,080510
ofd,080620
ofd,030363
ofd,090922
ofd,030772
ofd,071151
ofd,1805
ofd,200981
ofd,110290
ofd,0804
ofd,080550
ofd,030291
ofd,071233
ofd,1109
ofd,130214
ofd,030829
ofd,030633
ofd,030311
ofd,200520
ofd,200939
ofd,090812
ofd,080232
ofd,030616
ofd,030482
ofd,200551
ofd,030579
ofd,030779
ofd,080521
ofd,160411
ofd,030692
ofd,350510
ofd,030542
ofd,200540
ofd,080540
ofd,190510
ofd,090832
ofd,071232
ofd,030334
ofd,081210
ofd,110419
ofd,200811
ofd,030571
ofd,200820
ofd,090121
ofd,071290
ofd,2104
ofd,110412
ofd,030454
ofd,030617
ofd,030497
ofd,200931
ofd,200912
ofd,030561
ofd,030461
ofd,160432
ofd,090620
ofd,030691
ofd,071120
ofd,030531
ofd,030819
ofd,030312
ofd,030357
ofd,030749
ofd,030471
ofd,030569
ofd,030481
ofd,200819
ofd,2209
ofd,030549
ofd,030314
ofd,030559
ofd,030541
ofd,350219
ofd,2004
ofd,200880
ofd,080252
ofd,110319
ofd,030759
ofd,030890
ofd,030381
ofd,030326
ofd,071231
ofd,1904
ofd,030492
ofd,030354
ofd,090520
ofd,030432
ofd,030510
ofd,160416
ofd,200850
ofd,1806
ofd,230120
ofd,110320
ofd,190590
ofd,160551
ofd,091020
ofd,030822
ofd,030830
ofd,030544
ofd,2106
ofd,110423
ofd,030520
ofd,030346
ofd,090190
ofd,200893
ofd,200580
ofd,160540
ofd,030491
ofd,200961
ofd,030553
ofd,110311
ofd,030489
ofd,1804
ofd,030699
ofd,030722
ofd,030469
ofd,030456
ofd,080119
ofd,030494
ofd,200560
ofd,030359
ofd,1105
ofd,110422
ofd,200989
ofd,030473
ofd,090822
ofd,200110
ofd,130212
ofd,030355
ofd,030787
ofd,030367
ofd,030453
ofd,110429
ofd,030329
ofd,200899
ofd,030441
ofd,030325
ofd,030353
ofd,030364
ofd,030446
ofd,190531
ofd,160555
ofd,160553
ofd,030484
ofd,030719
ofd,030313
ofd,200860
ofd,200969
ofd,170240
ofd,110220
ofd,030447
ofd,200390
ofd,080262
ofd,030368
ofd,030799
ofd,160210
ofd,030499
ofd,200870
ofd,030474
ofd,091030
ofd,210112
ofd,030784
ofd,110430
ofd,080522
ofd,030442
ofd,200891
ofd,030449
ofd,030487
ofd,071159
ofd,200190
ofd,080242
ofd,200921
ofd,160521
ofd,090962
ofd,1901
ofd,200840
ofd,2006
ofd,160510
ofd,190540
ofd,121410
ofd,210120
ofd,200830
ofd,030365
ofd,030349
ofd,030694
ofd,030532
ofd,030389
ofd,121299
ofd,030572
ofd,030459
ofd,030631
ofd,030475
ofd,160419
ofd,130239
ofd,210111
ofd,160562
ofd,071190
ofd,200310
ofd,030383
ofd,160417
ofd,030712
ofd,030634
ofd,1803
ofd,200510
ofd,030554
ofd,030783
ofd,030457
ofd,160557
ofd,030324
ofd,090210
ofd,160559
ofd,030485
ofd,200599
ofd,200919
ofd,091012
ofd,080132
ofd,030615
ofd,200950
ofd,030344
ofd,030399
ofd,160412
ofd,030479
ofd,200949
ofd,080390
ofd,030695
ofd,130220
ofd,030333
ofd,091099
ofd,030636
ofd,080270
ofd,030451
ofd,350211
ofd,071239
ofd,160414
ofd,160554
ofd,2002
ofd,030455
ofd,080310
ofd,081290
ofd,160431
ofd,030563
ofd,030345
ofd,030614
ofd,160556
ofd,170230
ofd,200979
ofd,200570
ofd,1704
ofd,030812
ofd,030331
ofd,1101
ofd,2103
ofd,090932
ofd,030619
ofd,030496
ofd,130219
ofd,030369
ofd,030486
ofd,2102
ofd,170250
ofd,200971
ofd,080212
ofd,1902
ofd,030639
ofd,0813
ofd,030732
ofd,200591
ofd,2007
ofd,090412
ofd,030788
ofd,030611
ofd,130213
ofd,0811
ofd,080122
ofd,090720
ofd,200559
ofd,030539
ofd,1108
ofd,030384
ofd,170219
ofd,200929
ofd,170260
ofd,030483
ofd,030562
ofd,030552
ofd,030488
ofd,080590
ofd,190520
ofd,030739
ofd,080111
ofd,200897
ofd,030439
ofd,120242
ofd,030382
ofd,080222
ofd,0408
ofd,030472
ofd,030729
ofd,210130
ofd,160418
ofd,030564
ofd,130231
ofd,1903
ofd,030332
ofd,030342
ofd,030612
ofd,030443
ofd,160420
ofd,030635
ofd,0814
ofd,200911
ofd,030339
ofd,080529
ofd,030341
ofd,110313
ofd,170211
ofd,030452
ofd,030463
ofd,080280
omt,160250
omt,020741
omt,021012
omt,021092
omt,020727
omt,160290
omt,020714
omt,021093
omt,020712
omt,020711
omt,020753
omt,020713
omt,160220
omt,020755
omt,020754
omt,160232
omt,020319
omt,020744
omt,230110
omt,020312
omt,020724
omt,020726
omt,021091
omt,021099
omt,160231
omt,020743
omt,021020
omt,160242
omt,020850
omt,160239
omt,020810
omt,160241
omt,020751
omt,021019
omt,020725
omt,020752
omt,021011
omt,020311
omt,160249
omt,020745
omt,1601
omt,020742
omt,020760
omt,020890
omt,1603
osd,120110
osd,1203
osd,120230
osd,120590
osd,120710
osd,120190
osd,120241
osd,120730
osd,120740
osd,120791
osd,120760
osd,1206
osd,120770
osd,080119
osd,120799
osd,070992
osd,120729
osd,080112
osd,120510
osd,120750
osd,120721
osd,1204
pcr,100620
pcr,100630
pcr,100640
pdr,100610
pfb,530500
pfb,5201
pfb,530310
pfb,530210
pfb,530110
rmk,040120
rmk,040140
rmk,040150
sgr,170113
sgr,170114
sgr,1703
sgr,170220
sgr,170112
sgr,170199
sgr,170191
v_f,070970
v_f,080390
v_f,080241
v_f,080930
v_f,080510
v_f,0708
v_f,080270
v_f,080261
v_f,080131
v_f,080719
v_f,080310
v_f,080590
v_f,070930
v_f,120991
v_f,0702
v_f,080290
v_f,0713
v_f,070920
v_f,080830
v_f,0701
v_f,0804
v_f,080550
v_f,070951
v_f,070960
v_f,0705
v_f,080251
v_f,080921
v_f,070993
v_f,080810
v_f,080840
v_f,120999
v_f,0703
v_f,070999
v_f,080610
v_f,080711
v_f,070959
v_f,0810
v_f,0706
v_f,0707
v_f,080720
v_f,080221
v_f,080521
v_f,080910
v_f,080121
v_f,080929
v_f,080940
v_f,080211
v_f,0704
v_f,080231
v_f,0714
v_f,080522
v_f,080529
v_f,080540
v_f,121292
v_f,070991
v_f,080280
v_f,070940
vol,151550
vol,151519
vol,230620
vol,230690
vol,151610
vol,230610
vol,1513
vol,151491
vol,1507
vol,150190
vol,020990
vol,230630
vol,150210
vol,151590
vol,150290
vol,151620
vol,151511
vol,230641
vol,1506
vol,1522
vol,151499
vol,150110
vol,152110
vol,2304
vol,230650
vol,151000
vol,151529
vol,2305
vol,020910
vol,151521
vol,150990
vol,150910
vol,151411
vol,1512
vol,1508
vol,150500
vol,1503
vol,1208
vol,1504
vol,140420
vol,1511
vol,151530
vol,1517
vol,150120
vol,151419
vol,230660
vol,230649
wht,100111
wht,100119
wht,100191
wht,100199
wol,5001
wol,510111
wol,510219
wol,510220
wol,510119
wol,510211
bph,293729
bph,293980
bph,293626
bph,292419
bph,300120
bph,293319
bph,293590
bph,293919
bph,293961
bph,293941
bph,300442
bph,293622
bph,293353
bph,293962
bph,293355
bph,293750
bph,300460
bph,292411
bph,300449
bph,293969
bph,300339
bph,300420
bph,293719
bph,293624
bph,293352
bph,300432
bph,293979
bph,300349
bph,300439
bph,300190
bph,291821
bph,293949
bph,293943
bph,293690
bph,293790
bph,293623
bph,292425
bph,300211
bph,293550
bph,293959
bph,293359
bph,293321
bph,2941
bph,292423
bph,300220
bph,293430
bph,3005
bph,300342
bph,300212
bph,293711
bph,300320
bph,293311
bph,2923
bph,293369
bph,293220
bph,293722
bph,293930
bph,300410
bph,300214
bph,300630
bph,300290
bph,293963
bph,293942
bph,293723
bph,292424
bph,293540
bph,293627
bph,293354
bph,292412
bph,300490
bph,300343
bph,293510
bph,293625
bph,300230
bph,293530
bph,300390
bph,2938
bph,300431
bph,300441
bph,300443
bph,300219
bph,293520
bph,293920
bph,293629
bph,300450
bph,292241
bph,293911
bph,300310
bph,300360
bph,293712
bph,293721
bph,293628
bph,292429
bph,300341
bph,293951
bph,293944
bph,292242
bph,300620
bph,293971
bph,300331
bph,2940
bph,300215
bph,300213
bph,293621
bph,300660
bph,291822
bph,291823
chm,3826
chm,293371
chm,3701
chm,381220
chm,310430
chm,292219
chm,291450
chm,2902
chm,283421
chm,293060
chm,3210
chm,281121
chm,285390
chm,290539
chm,290512
chm,3802
chm,3203
chm,281215
chm,282612
chm,291712
chm,292022
chm,292529
chm,380862
chm,320190
chm,291733
chm,291241
chm,282410
chm,290435
chm,370297
chm,4002
chm,293372
chm,292030
chm,292521
chm,2843
chm,380852
chm,550190
chm,284170
chm,291532
chm,291249
chm,283325
chm,293329
chm,292511
chm,290542
chm,290322
chm,320120
chm,382311
chm,290499
chm,284410
chm,3810
chm,293391
chm,3910
chm,284510
chm,282735
chm,292021
chm,270720
chm,540211
chm,291619
chm,382491
chm,2901
chm,2803
chm,350520
chm,370241
chm,382313
chm,540233
chm,381231
chm,291613
chm,382487
chm,381210
chm,291219
chm,550319
chm,540247
chm,291812
chm,290715
chm,540246
chm,320411
chm,285290
chm,283324
chm,291462
chm,291639
chm,293980
chm,540251
chm,320490
chm,293420
chm,540234
chm,290729
chm,370253
chm,291469
chm,320641
chm,2847
chm,370210
chm,293293
chm,290891
chm,2819
chm,3401
chm,380893
chm,290721
chm,293341
chm,320619
chm,3302
chm,291422
chm,550340
chm,390599
chm,320620
chm,291713
chm,291440
chm,380894
chm,291614
chm,283692
chm,3205
chm,292229
chm,281219
chm,293214
chm,293020
chm,291513
chm,290712
chm,291539
chm,3601
chm,292421
chm,380892
chm,3303
chm,3813
chm,280512
chm,283620
chm,380891
chm,3212
chm,310260
chm,293491
chm,290431
chm,382472
chm,290313
chm,3820
chm,330124
chm,292090
chm,293134
chm,2837
chm,291891
chm,290711
chm,310420
chm,270750
chm,3207
chm,290545
chm,2846
chm,293379
chm,290432
chm,370231
chm,281111
chm,270740
chm,293133
chm,540248
chm,340490
chm,550290
chm,290723
chm,291734
chm,290315
chm,320419
chm,2810
chm,390530
chm,283691
chm,382486
chm,3703
chm,390910
chm,390950
chm,2850
chm,281610
chm,290612
chm,291720
chm,290372
chm,291736
chm,280511
chm,290311
chm,2806
chm,540252
chm,293136
chm,290393
chm,291990
chm,291620
chm,292215
chm,290629
chm,285310
chm,550130
chm,540249
chm,293410
chm,3906
chm,290491
chm,290722
chm,283330
chm,293299
chm,370296
chm,3403
chm,290378
chm,280530
chm,3806
chm,3507
chm,3504
chm,390920
chm,3605
chm,293212
chm,310311
chm,382460
chm,2814
chm,292011
chm,290389
chm,291813
chm,290329
chm,340290
chm,310230
chm,320420
chm,291471
chm,290713
chm,291616
chm,282619
chm,320412
chm,290375
chm,382481
chm,291221
chm,390940
chm,370252
chm,283322
chm,3306
chm,282739
chm,382473
chm,3602
chm,290549
chm,291229
chm,290522
chm,540411
chm,320417
chm,291439
chm,280540
chm,290819
chm,291634
chm,2849
chm,390720
chm,292512
chm,293331
chm,3506
chm,291714
chm,290949
chm,3215
chm,540490
chm,293213
chm,310210
chm,283699
chm,293211
chm,540259
chm,350190
chm,293070
chm,281214
chm,370298
chm,292249
chm,290529
chm,350220
chm,390799
chm,293135
chm,283340
chm,390529
chm,290559
chm,260120
chm,283329
chm,390769
chm,310319
chm,292211
chm,291560
chm,284190
chm,390931
chm,292519
chm,290517
chm,290434
chm,291570
chm,540239
chm,281212
chm,291590
chm,293295
chm,2942
chm,380993
chm,292023
chm,291429
chm,284430
chm,283410
chm,291524
chm,3405
chm,152000
chm,320642
chm,2929
chm,330125
chm,291211
chm,283090
chm,2910
chm,2820
chm,283319
chm,291811
chm,290321
chm,283524
chm,284130
chm,310221
chm,310490
chm,390710
chm,390730
chm,390770
chm,310229
chm,291899
chm,3304
chm,282490
chm,382482
chm,540220
chm,293339
chm,550120
chm,281211
chm,540310
chm,2927
chm,282741
chm,284169
chm,293137
chm,290514
chm,3908
chm,291829
chm,291529
chm,440210
chm,291413
chm,291711
chm,310250
chm,291815
chm,380861
chm,282760
chm,550210
chm,291212
chm,290382
chm,293090
chm,3807
chm,281112
chm,2809
chm,3604
chm,2911
chm,3912
chm,310390
chm,320416
chm,320110
chm,330190
chm,291739
chm,270730
chm,390591
chm,370256
chm,540332
chm,290399
chm,291242
chm,281290
chm,281119
chm,3707
chm,320413
chm,270710
chm,391110
chm,293333
chm,382484
chm,284180
chm,291411
chm,291461
chm,3211
chm,290511
chm,380859
chm,540412
chm,283660
chm,290513
chm,290379
chm,382370
chm,281122
chm,390939
chm,550140
chm,3803
chm,3503
chm,290960
chm,3305
chm,5504
chm,2926
chm,290314
chm,290543
chm,291511
chm,282751
chm,3818
chm,290433
chm,3901
chm,283526
chm,290920
chm,291719
chm,291423
chm,290541
chm,290377
chm,291419
chm,382478
chm,2807
chm,293292
chm,290943
chm,310290
chm,281640
chm,292231
chm,540339
chm,380991
chm,291910
chm,283327
chm,283650
chm,291631
chm,2822
chm,293131
chm,382476
chm,540333
chm,2804
chm,291533
chm,390512
chm,320611
chm,282759
chm,291737
chm,284420
chm,550390
chm,550330
chm,282720
chm,282690
chm,340213
chm,291612
chm,3913
chm,382474
chm,291732
chm,382483
chm,370244
chm,370255
chm,290911
chm,291412
chm,281830
chm,2813
chm,291540
chm,292250
chm,3819
chm,290410
chm,281213
chm,283510
chm,382479
chm,3202
chm,382471
chm,550320
chm,290436
chm,293190
chm,293294
chm,290611
chm,290339
chm,340211
chm,2921
chm,2207
chm,310240
chm,440290
chm,3904
chm,840130
chm,283630
chm,5405
chm,282731
chm,540219
chm,3914
chm,290930
chm,381700
chm,370254
chm,291817
chm,283539
chm,350290
chm,290944
chm,2928
chm,292218
chm,330119
chm,283010
chm,2821
chm,293392
chm,293138
chm,293080
chm,382485
chm,2817
chm,380910
chm,320415
chm,3821
chm,320650
chm,391190
chm,290941
chm,540231
chm,291512
chm,284440
chm,380510
chm,390750
chm,540244
chm,290374
chm,340420
chm,293332
chm,290531
chm,283321
chm,3811
chm,293139
chm,293499
chm,380899
chm,293132
chm,382430
chm,290892
chm,390740
chm,293120
chm,290394
chm,284161
chm,290719
chm,370243
chm,2831
chm,292239
chm,2829
chm,282710
chm,380869
chm,293361
chm,291819
chm,290392
chm,370242
chm,320414
chm,281217
chm,283911
chm,290319
chm,293040
chm,290376
chm,390521
chm,290391
chm,293349
chm,292221
chm,290519
chm,292024
chm,291814
chm,292214
chm,283919
chm,290373
chm,330130
chm,290532
chm,281129
chm,290371
chm,290544
chm,390519
chm,550110
chm,540331
chm,293291
chm,550311
chm,1518
chm,3814
chm,293399
chm,290950
chm,290381
chm,382440
chm,290312
chm,2823
chm,293219
chm,382312
chm,291830
chm,291632
chm,382499
chm,2815
chm,290621
chm,291735
chm,290331
chm,382477
chm,283531
chm,291550
chm,283311
chm,290613
chm,340212
chm,291521
chm,291531
chm,285210
chm,2708
chm,292243
chm,3208
chm,340219
chm,283529
chm,2840
chm,382488
chm,381239
chm,3902
chm,291260
chm,292212
chm,382200
chm,291816
chm,382475
chm,283990
chm,290619
chm,540253
chm,292244
chm,540245
chm,290323
chm,2808
chm,2802
chm,284590
chm,3105
chm,290420
chm,283640
chm,2828
chm,290919
chm,360300
chm,330129
chm,282749
chm,290811
chm,540232
chm,380992
chm,2832
chm,283525
chm,370239
chm,3903
chm,382319
chm,280519
chm,340220
chm,291536
chm,292217
chm,291431
chm,2842
chm,380590
chm,3815
chm,3209
chm,3213
chm,290551
chm,540419
chm,330112
chm,3307
chm,3407
chm,282732
chm,291615
chm,290516
chm,310280
chm,283522
chm,3214
chm,290899
chm,291250
chm,270799
chm,390761
chm,2913
chm,284150
chm,250300
chm,283429
chm,282630
chm,2825
chm,330113
chm,270791
chm,370232
chm,2801
chm,291818
chm,382410
chm,290383
chm,292216
chm,293110
chm,281216
chm,292019
chm,293030
chm,320649
chm,292029
chm,291611
chm,390791
chm,291479
coa,270111
coa,270112
coa,270119
coa,270210
eeq,853941
eeq,850164
eeq,850660
eeq,940599
eeq,732182
eeq,841821
eeq,761510
eeq,854430
eeq,732189
eeq,854411
eeq,845121
eeq,8504
eeq,630110
eeq,854690
eeq,853669
eeq,850640
eeq,854442
eeq,850213
eeq,853950
eeq,900220
eeq,854310
eeq,841840
eeq,850212
eeq,854390
eeq,8530
eeq,853630
eeq,853921
eeq,850211
eeq,8510
eeq,854790
eeq,850132
eeq,841829
eeq,850520
eeq,900290
eeq,8516
eeq,850610
eeq,853931
eeq,850811
eeq,853690
eeq,845011
eeq,853120
eeq,853949
eeq,850990
eeq,940550
eeq,850131
eeq,853932
eeq,841830
eeq,732181
eeq,853190
eeq,8503
eeq,850240
eeq,8532
eeq,850151
eeq,853922
eeq,850110
eeq,850980
eeq,850239
eeq,850134
eeq,850161
eeq,850231
eeq,850630
eeq,854330
eeq,8511
eeq,854449
eeq,732112
eeq,8512
eeq,8515
eeq,850220
eeq,850133
eeq,940560
eeq,741810
eeq,850680
eeq,841451
eeq,850690
eeq,732190
eeq,853939
eeq,854320
eeq,9001
eeq,8507
eeq,8535
eeq,940530
eeq,853990
eeq,8513
eeq,940510
eeq,940520
eeq,850120
eeq,854419
eeq,850162
eeq,850940
eeq,854890
eeq,850153
eeq,853610
eeq,854470
eeq,8533
eeq,853180
eeq,854370
eeq,853649
eeq,732290
eeq,842211
eeq,8210
eeq,854460
eeq,8545
eeq,853641
eeq,845019
eeq,850650
eeq,900219
eeq,853910
eeq,732111
eeq,850163
eeq,853650
eeq,732119
eeq,850140
eeq,8538
eeq,854420
eeq,850152
eeq,845012
eeq,841460
eeq,940540
eeq,853661
eeq,841810
eeq,853620
eeq,7323
eeq,850590
eeq,853929
eeq,8537
eeq,850870
ele,9620
ele,902780
ele,903110
ele,901814
ele,852859
ele,900850
ele,852560
ele,853670
ele,902221
ele,900890
ele,911290
ele,851920
ele,900792
ele,852721
ele,900659
ele,900669
ele,911440
ele,854390
ele,9104
ele,903120
ele,901730
ele,901060
ele,902190
ele,854129
ele,854071
ele,851190
ele,9110
ele,847150
ele,852352
ele,900791
ele,854160
ele,852872
ele,854233
ele,851981
ele,9011
ele,903089
ele,854290
ele,851712
ele,902730
ele,854232
ele,910191
ele,902150
ele,8522
ele,852852
ele,900720
ele,854121
ele,910910
ele,902720
ele,902229
ele,903149
ele,901811
ele,903010
ele,903180
ele,902230
ele,903090
ele,9001
ele,901050
ele,9032
ele,854110
ele,854081
ele,9105
ele,910812
ele,901819
ele,847340
ele,910890
ele,950450
ele,900640
ele,9029
ele,847290
ele,854012
ele,900651
ele,852799
ele,901010
ele,903032
ele,851711
ele,847330
ele,854190
ele,901090
ele,902140
ele,901790
ele,851769
ele,847141
ele,8518
ele,852792
ele,911430
ele,902790
ele,847050
ele,851290
ele,847130
ele,900652
ele,852321
ele,853090
ele,852580
ele,851950
ele,847329
ele,9026
ele,8521
ele,851770
ele,854060
ele,900691
ele,901780
ele,911220
ele,854091
ele,903190
ele,853110
ele,902219
ele,9028
ele,847149
ele,852729
ele,8529
ele,852713
ele,852869
ele,910121
ele,847190
ele,903082
ele,900630
ele,852712
ele,852862
ele,902212
ele,903141
ele,852842
ele,852871
ele,847160
ele,852719
ele,902214
ele,852341
ele,910199
ele,8526
ele,854040
ele,852849
ele,910990
ele,851930
ele,9012
ele,900661
ele,9103
ele,854011
ele,902213
ele,853190
ele,910111
ele,903020
ele,8532
ele,911410
ele,9015
ele,851762
ele,847180
ele,900710
ele,844331
ele,902290
ele,854140
ele,910119
ele,9033
ele,8534
ele,854079
ele,851989
ele,854130
ele,9005
ele,910129
ele,900699
ele,9014
ele,902590
ele,903040
ele,852351
ele,901812
ele,902580
ele,852791
ele,9002
ele,9024
ele,852329
ele,9013
ele,854890
ele,9107
ele,854099
ele,844332
ele,8533
ele,910610
ele,902511
ele,854089
ele,852550
ele,911320
ele,900653
ele,902750
ele,911490
ele,910811
ele,901813
ele,854150
ele,851718
ele,903039
ele,847350
ele,854020
ele,902710
ele,910820
ele,903033
ele,851761
ele,910819
ele,901820
ele,903031
ele,854239
ele,902519
ele,9102
ele,903084
ele,910690
ele,852873
ele,847170
ele,854231
ele,9111
ele,9016
ele,911310
ely,2716
ely,220190
ely,284450
fmp,9620
fmp,930510
fmp,8203
fmp,820551
fmp,731582
fmp,8303
fmp,820560
fmp,7326
fmp,731589
fmp,820590
fmp,7318
fmp,930110
fmp,7310
fmp,7317
fmp,930591
fmp,820130
fmp,731940
fmp,9304
fmp,731449
fmp,741910
fmp,930621
fmp,820780
fmp,7413
fmp,820160
fmp,741820
fmp,7309
fmp,820220
fmp,930599
fmp,741533
fmp,731412
fmp,7313
fmp,8402
fmp,741510
fmp,731431
fmp,8301
fmp,820510
fmp,820790
fmp,840140
fmp,8302
fmp,8308
fmp,8480
fmp,741810
fmp,761699
fmp,8214
fmp,820140
fmp,8204
fmp,731419
fmp,8404
fmp,741539
fmp,8310
fmp,9307
fmp,7311
fmp,731442
fmp,741521
fmp,7610
fmp,8215
fmp,8210
fmp,820740
fmp,8304
fmp,8403
fmp,7308
fmp,750810
fmp,7612
fmp,7323
fmp,930520
fmp,8608
fmp,8211
fmp,761610
fmp,8607
fmp,7316
fmp,820770
fmp,8309
fmp,9302
fmp,732211
fmp,820720
fmp,820719
fmp,8311
fmp,761691
fmp,761510
fmp,820190
fmp,731450
fmp,820231
fmp,848710
fmp,741991
fmp,8209
fmp,8306
fmp,731581
fmp,7325
fmp,820299
fmp,820291
fmp,820110
fmp,820530
fmp,8206
fmp,731990
fmp,731590
fmp,930190
fmp,750890
fmp,820730
fmp,930630
fmp,940690
fmp,8208
fmp,930629
fmp,7324
fmp,820570
fmp,731439
fmp,820540
fmp,820210
fmp,7320
fmp,820750
fmp,761520
fmp,731414
fmp,8007
fmp,820239
fmp,820760
fmp,7613
fmp,8213
fmp,741529
fmp,9303
fmp,850511
fmp,930120
fmp,820240
fmp,7611
fmp,930690
fmp,741999
fmp,820520
fmp,731520
fmp,731420
fmp,732219
fmp,7614
fmp,8212
fmp,731441
fmp,820713
fmp,820150
fmp,7312
fmp,790700
fmp,8307
fmp,820559
fmp,8305
fmp,7806
fmp,840110
fsh,010631
fsh,0508
fsh,030235
fsh,030259
fsh,030782
fsh,030234
fsh,030232
fsh,030695
fsh,030781
fsh,030636
fsh,030252
fsh,030199
fsh,030211
fsh,030241
fsh,030213
fsh,010690
fsh,030192
fsh,030249
fsh,030119
fsh,030231
fsh,030691
fsh,030111
fsh,030693
fsh,030229
fsh,010619
fsh,030791
fsh,121229
fsh,030222
fsh,030236
fsh,010649
fsh,030191
fsh,030251
fsh,030639
fsh,051199
fsh,010599
fsh,030271
fsh,710110
fsh,030193
fsh,030742
fsh,030253
fsh,030256
fsh,030223
fsh,030632
fsh,010612
fsh,030281
fsh,030214
fsh,030890
fsh,030282
fsh,030273
fsh,121221
fsh,010614
fsh,030239
fsh,510219
fsh,010639
fsh,030299
fsh,510211
fsh,010513
fsh,030279
fsh,030194
fsh,030195
fsh,030219
fsh,710121
fsh,030285
fsh,030283
fsh,030243
fsh,030694
fsh,030233
fsh,030811
fsh,030292
fsh,010632
fsh,030711
fsh,030284
fsh,030289
fsh,030274
fsh,030245
fsh,030830
fsh,030721
fsh,060290
fsh,030631
fsh,030244
fsh,130231
fsh,030633
fsh,010611
fsh,030254
fsh,030751
fsh,030255
fsh,030634
fsh,030224
fsh,030221
fsh,030242
fsh,030635
fsh,030821
fsh,030692
fsh,030731
fsh,030246
fsh,030699
fsh,030247
fsh,030272
fsh,030771
gas,271111
gas,271121
gdt,2705
i_s,7307
i_s,730650
i_s,721640
i_s,721210
i_s,721220
i_s,722530
i_s,722920
i_s,720916
i_s,721430
i_s,722699
i_s,721114
i_s,720927
i_s,720827
i_s,721310
i_s,722599
i_s,7206
i_s,721391
i_s,722591
i_s,721633
i_s,721070
i_s,730621
i_s,7227
i_s,722519
i_s,7220
i_s,722550
i_s,730423
i_s,721621
i_s,721632
i_s,721590
i_s,730619
i_s,730690
i_s,7301
i_s,721250
i_s,722620
i_s,722619
i_s,720838
i_s,720915
i_s,721240
i_s,720826
i_s,721123
i_s,721691
i_s,721891
i_s,721650
i_s,721510
i_s,721491
i_s,721499
i_s,721669
i_s,730630
i_s,7221
i_s,730629
i_s,722211
i_s,721069
i_s,721061
i_s,730240
i_s,720852
i_s,721190
i_s,730611
i_s,730419
i_s,720837
i_s,730230
i_s,720150
i_s,721699
i_s,730669
i_s,721041
i_s,721631
i_s,720840
i_s,721720
i_s,721320
i_s,720926
i_s,730459
i_s,7202
i_s,730210
i_s,720851
i_s,730439
i_s,721020
i_s,720990
i_s,730424
i_s,721899
i_s,720839
i_s,730490
i_s,7303
i_s,721230
i_s,7224
i_s,722692
i_s,721113
i_s,7228
i_s,730290
i_s,730661
i_s,721011
i_s,7203
i_s,721012
i_s,721810
i_s,730449
i_s,722219
i_s,7305
i_s,720917
i_s,721420
i_s,722990
i_s,721090
i_s,7219
i_s,722220
i_s,721119
i_s,722511
i_s,730640
i_s,7207
i_s,720853
i_s,721049
i_s,720854
i_s,721129
i_s,722592
i_s,720825
i_s,720890
i_s,721730
i_s,721030
i_s,721260
i_s,721550
i_s,721710
i_s,730431
i_s,730422
i_s,720928
i_s,721399
i_s,720110
i_s,721610
i_s,730451
i_s,730411
i_s,721790
i_s,720836
i_s,720810
i_s,730441
i_s,720918
i_s,722240
i_s,721050
i_s,730429
i_s,720120
i_s,722230
i_s,721410
i_s,722611
i_s,721661
i_s,7223
i_s,722540
i_s,721622
i_s,722691
i_s,720925
i_s,7205
lea,640610
lea,410449
lea,410622
lea,4202
lea,410640
lea,430211
lea,640351
lea,640219
lea,410799
lea,640399
lea,6601
lea,410631
lea,430219
lea,4114
lea,410791
lea,640291
lea,9605
lea,6404
lea,640620
lea,410719
lea,410510
lea,430230
lea,410632
lea,410692
lea,640320
lea,640110
lea,4113
lea,640391
lea,430220
lea,640220
lea,6405
lea,640192
lea,4201
lea,6602
lea,4205
lea,640690
lea,640319
lea,410691
lea,640199
lea,411510
lea,410711
lea,911390
lea,410530
lea,410441
lea,4112
lea,410712
lea,640299
lea,410419
lea,640340
lea,410792
lea,410621
lea,640359
lea,410411
lum,460212
lum,441192
lum,640610
lum,441400
lum,9620
lum,4502
lum,460199
lum,441875
lum,441874
lum,441112
lum,441299
lum,450190
lum,441840
lum,441114
lum,460211
lum,442191
lum,440611
lum,440725
lum,640620
lum,441860
lum,442010
lum,441234
lum,460193
lum,440831
lum,440795
lum,441012
lum,4503
lum,441011
lum,440793
lum,440691
lum,441990
lum,460192
lum,440910
lum,440890
lum,441210
lum,441810
lum,441231
lum,440729
lum,441891
lum,440810
lum,441194
lum,441019
lum,440711
lum,440791
lum,441873
lum,441294
lum,441879
lum,440792
lum,441820
lum,442090
lum,4404
lum,440719
lum,440727
lum,440722
lum,460129
lum,441090
lum,440311
lum,440312
lum,440929
lum,442110
lum,440796
lum,441919
lum,441899
lum,4413
lum,4405
lum,441113
lum,441239
lum,440728
lum,441850
lum,440921
lum,460219
lum,640690
lum,440692
lum,460121
lum,460122
lum,440839
lum,441912
lum,440721
lum,940610
lum,440712
lum,4416
lum,440922
lum,440799
lum,460290
lum,460194
lum,441233
lum,440122
lum,4415
lum,440612
lum,441193
lum,442199
lum,440794
lum,4417
lum,441911
lum,440121
lum,440797
lum,4504
lum,440726
mvh,840999
mvh,871610
mvh,870894
mvh,840820
mvh,870421
mvh,870821
mvh,854430
mvh,870850
mvh,8705
mvh,840991
mvh,870120
mvh,870490
mvh,870431
mvh,870870
mvh,840733
mvh,870880
mvh,840731
mvh,870423
mvh,870422
mvh,854390
mvh,940130
mvh,940120
mvh,940179
mvh,8707
mvh,940171
mvh,854890
mvh,8706
mvh,840734
mvh,870840
mvh,870830
mvh,8703
mvh,871631
mvh,8609
mvh,840732
mvh,853190
mvh,870810
mvh,870891
mvh,871690
mvh,870829
mvh,8702
mvh,871639
mvh,870899
mvh,870892
mvh,870432
mvh,870895
mvh,940110
mvh,8511
mvh,853090
mvh,871640
mvh,870893
mvh,8512
nfm,7501
nfm,7106
nfm,811292
nfm,7109
nfm,740322
nfm,811221
nfm,810210
nfm,7405
nfm,810430
nfm,810390
nfm,7605
nfm,7904
nfm,8003
nfm,7506
nfm,810199
nfm,7601
nfm,8001
nfm,740319
nfm,7504
nfm,7901
nfm,811259
nfm,7606
nfm,740729
nfm,7410
nfm,811010
nfm,810820
nfm,811212
nfm,811090
nfm,7406
nfm,7608
nfm,811229
nfm,811251
nfm,810194
nfm,7507
nfm,7801
nfm,711510
nfm,810411
nfm,7412
nfm,810590
nfm,7411
nfm,810720
nfm,740710
nfm,810600
nfm,281820
nfm,7402
nfm,7905
nfm,7603
nfm,7607
nfm,7604
nfm,8111
nfm,7110
nfm,810196
nfm,810110
nfm,740313
nfm,7108
nfm,740329
nfm,811299
nfm,7903
nfm,810890
nfm,740100
nfm,7505
nfm,740721
nfm,810295
nfm,7609
nfm,811219
nfm,7111
nfm,810296
nfm,810520
nfm,8113
nfm,810320
nfm,740312
nfm,7804
nfm,810419
nfm,7409
nfm,810920
nfm,810990
nfm,810490
nfm,810790
nfm,810294
nfm,740321
nfm,7408
nfm,740311
nfm,7502
nfm,7107
nfm,810299
nmm,681011
nmm,681181
nmm,680292
nmm,7014
nmm,7011
nmm,9620
nmm,681019
nmm,681099
nmm,940591
nmm,281810
nmm,701391
nmm,681520
nmm,251820
nmm,251830
nmm,701342
nmm,701349
nmm,6805
nmm,700312
nmm,7002
nmm,690740
nmm,690723
nmm,681091
nmm,701341
nmm,701912
nmm,854620
nmm,690721
nmm,681599
nmm,6909
nmm,7008
nmm,700320
nmm,690722
nmm,6912
nmm,680221
nmm,6804
nmm,6906
nmm,2522
nmm,251730
nmm,681320
nmm,681140
nmm,701010
nmm,701932
nmm,701399
nmm,6904
nmm,7018
nmm,681381
nmm,6901
nmm,7001
nmm,7007
nmm,701333
nmm,2523
nmm,710420
nmm,940690
nmm,6905
nmm,700420
nmm,700330
nmm,7015
nmm,701911
nmm,681510
nmm,710410
nmm,854710
nmm,6808
nmm,701337
nmm,701328
nmm,680229
nmm,6911
nmm,701020
nmm,680299
nmm,680210
nmm,680293
nmm,681292
nmm,701310
nmm,690730
nmm,6807
nmm,701939
nmm,7006
nmm,681591
nmm,681280
nmm,382450
nmm,681299
nmm,700319
nmm,681182
nmm,3816
nmm,2715
nmm,3801
nmm,854610
nmm,6809
nmm,6814
nmm,6806
nmm,6801
nmm,850519
nmm,6914
nmm,701919
nmm,681293
nmm,7005
nmm,701322
nmm,7020
nmm,6913
nmm,7016
nmm,701931
nmm,252020
nmm,701990
nmm,680223
nmm,6903
nmm,681189
nmm,681291
nmm,6910
nmm,6902
nmm,701090
nmm,681389
nmm,7017
nmm,700490
nmm,680291
nmm,7009
nmm,6803
oil,2709
oil,271410
ome,9620
ome,846229
ome,845620
ome,843239
ome,844811
ome,842831
ome,844832
ome,845650
ome,8410
ome,8416
ome,841490
ome,844399
ome,8420
ome,847230
ome,847971
ome,846022
ome,847629
ome,846024
ome,842121
ome,841850
ome,847510
ome,842119
ome,845611
ome,844820
ome,846241
ome,8405
ome,8427
ome,8478
ome,8440
ome,731511
ome,8437
ome,844316
ome,846299
ome,8465
ome,845090
ome,845130
ome,843210
ome,901710
ome,847681
ome,8468
ome,841919
ome,8464
ome,847940
ome,841181
ome,8426
ome,844319
ome,845931
ome,842129
ome,840810
ome,845970
ome,8446
ome,880521
ome,8709
ome,841939
ome,8467
ome,844842
ome,842420
ome,847690
ome,841420
ome,843241
ome,847340
ome,870194
ome,843242
ome,8441
ome,8423
ome,8439
ome,8444
ome,841990
ome,847920
ome,843010
ome,846120
ome,841182
ome,847529
ome,851420
ome,843280
ome,871620
ome,847029
ome,845939
ome,844851
ome,847050
ome,842122
ome,845640
ome,842191
ome,845612
ome,842531
ome,840120
ome,841480
ome,8455
ome,843041
ome,870195
ome,870130
ome,846039
ome,845221
ome,842549
ome,8483
ome,846090
ome,845190
ome,842240
ome,845129
ome,847910
ome,844313
ome,842449
ome,843290
ome,840681
ome,843221
ome,8454
ome,841280
ome,842542
ome,841911
ome,841989
ome,842139
ome,841410
ome,847981
ome,840610
ome,846150
ome,842890
ome,841950
ome,851410
ome,842220
ome,8415
ome,842832
ome,847621
ome,842833
ome,841981
ome,870410
ome,847960
ome,8449
ome,841932
ome,847930
ome,731512
ome,8436
ome,843050
ome,8515
ome,841931
ome,844317
ome,846031
ome,844312
ome,8438
ome,848790
ome,846140
ome,840729
ome,8429
ome,846019
ome,846231
ome,841231
ome,8457
ome,846291
ome,846029
ome,8417
ome,844332
ome,841430
ome,841229
ome,847689
ome,8453
ome,844314
ome,847010
ome,847990
ome,844819
ome,845949
ome,841440
ome,851430
ome,841940
ome,870191
ome,842111
ome,847321
ome,846249
ome,840690
ome,844839
ome,847950
ome,840890
ome,845180
ome,8466
ome,731519
ome,841869
ome,870192
ome,950810
ome,847982
ome,841459
ome,846130
ome,846221
ome,845140
ome,8474
ome,847021
ome,845951
ome,8433
ome,842290
ome,845229
ome,845150
ome,8463
ome,844339
ome,845210
ome,851490
ome,846040
ome,844240
ome,847521
ome,901720
ome,880529
ome,847030
ome,841861
ome,846210
ome,842482
ome,845969
ome,845961
ome,845110
ome,880510
ome,8477
ome,845929
ome,844849
ome,844833
ome,841891
ome,847590
ome,870193
ome,842489
ome,847329
ome,844311
ome,841239
ome,844391
ome,845290
ome,847979
ome,844230
ome,845630
ome,842840
ome,8482
ome,847210
ome,851440
ome,850860
ome,850819
ome,843061
ome,8447
ome,843231
ome,846023
ome,840790
ome,845020
ome,842430
ome,8481
ome,842199
ome,843020
ome,844859
ome,8413
ome,842860
ome,8458
ome,8435
ome,843039
ome,842131
ome,950890
ome,842123
ome,842511
ome,840721
ome,870110
ome,845921
ome,843069
ome,871680
ome,842219
ome,842519
ome,8486
ome,847989
ome,846190
ome,841899
ome,842810
ome,8431
ome,8484
ome,842441
ome,845910
ome,845230
ome,841221
ome,842539
ome,845690
ome,844831
ome,841199
ome,842541
ome,845941
ome,843031
ome,8445
ome,847090
ome,846012
ome,842112
ome,842820
ome,841290
ome,840682
ome,871690
ome,845959
ome,842490
ome,842230
ome,844315
ome,846239
ome,843049
ome,843229
ome,8434
ome,842410
ome,842839
ome,847290
ome,841960
omf,9620
omf,7118
omf,7116
omf,960840
omf,960891
omf,841780
omf,940140
omf,9603
omf,6601
omf,490510
omf,911290
omf,950430
omf,901850
omf,911440
omf,920999
omf,9202
omf,300670
omf,902110
omf,9201
omf,940350
omf,940340
omf,300640
omf,940330
omf,9611
omf,710399
omf,9616
omf,940382
omf,901831
omf,9602
omf,940153
omf,852380
omf,3406
omf,940180
omf,3606
omf,950490
omf,6701
omf,9607
omf,940429
omf,960899
omf,420321
omf,960850
omf,9020
omf,710229
omf,960830
omf,902139
omf,7117
omf,940152
omf,710391
omf,6703
omf,960820
omf,940120
omf,9609
omf,920994
omf,9208
omf,950440
omf,901832
omf,9019
omf,851420
omf,940161
omf,6702
omf,9023
omf,961310
omf,911430
omf,382200
omf,9507
omf,940320
omf,920991
omf,961400
omf,9206
omf,960810
omf,9506
omf,911220
omf,940310
omf,940389
omf,961320
omf,9615
omf,7105
omf,902131
omf,940360
omf,940370
omf,851440
omf,920992
omf,961390
omf,300650
omf,901890
omf,961380
omf,9505
omf,640212
omf,710490
omf,851410
omf,940421
omf,6602
omf,9004
omf,711590
omf,660390
omf,911410
omf,660320
omf,3407
omf,9111
omf,852359
omf,901839
omf,902121
omf,7113
omf,9601
omf,940159
omf,9617
omf,300610
omf,9003
omf,650610
omf,6704
omf,9604
omf,841920
omf,920930
omf,3813
omf,940130
omf,940179
omf,940171
omf,940390
omf,901849
omf,841710
omf,420600
omf,911320
omf,9207
omf,640312
omf,9402
omf,940169
omf,911490
omf,9610
omf,710239
omf,950420
omf,940190
omf,902129
omf,710122
omf,7114
omf,0501
omf,3821
omf,9612
omf,9618
omf,9205
omf,940110
omf,940383
omf,940410
omf,901841
omf,9606
omf,950300
omf,960860
omf,851430
omf,911310
otn,871493
otn,8604
otn,8715
otn,871492
otn,871494
otn,860692
otn,890310
otn,841112
otn,8907
otn,8602
otn,890392
otn,880100
otn,8713
otn,8711
otn,8902
otn,880240
otn,871499
otn,890610
otn,871410
otn,940130
otn,841122
otn,840910
otn,8803
otn,841191
otn,940120
otn,871495
otn,940179
otn,940171
otn,8901
otn,871496
otn,8905
otn,860699
otn,880230
otn,841210
otn,890399
otn,8601
otn,841121
otn,860610
otn,860691
otn,841111
otn,880212
otn,871491
otn,871420
otn,860630
otn,8904
otn,840710
otn,880260
otn,890690
otn,8712
otn,8603
otn,940110
otn,880211
otn,8710
otn,871680
otn,8605
otn,880220
otn,8608
otn,890391
otn,8607
oxt,2611
oxt,250850
oxt,252520
oxt,2604
oxt,2606
oxt,250810
oxt,2501
oxt,2512
oxt,253020
oxt,2609
oxt,252410
oxt,253010
oxt,2502
oxt,2603
oxt,251612
oxt,271490
oxt,710221
oxt,260112
oxt,250610
oxt,2514
oxt,251741
oxt,2521
oxt,2612
oxt,250840
oxt,3101
oxt,2504
oxt,250870
oxt,2616
oxt,2519
oxt,251320
oxt,251810
oxt,710310
oxt,252490
oxt,250830
oxt,710231
oxt,250860
oxt,253090
oxt,2605
oxt,252010
oxt,2608
oxt,2610
oxt,252800
oxt,2613
oxt,2529
oxt,2614
oxt,2507
oxt,251749
oxt,251720
oxt,251690
oxt,710210
oxt,2607
oxt,251620
oxt,310490
oxt,252510
oxt,2515
oxt,251710
oxt,2602
oxt,2511
oxt,2703
oxt,2505
oxt,260111
oxt,2615
oxt,251310
oxt,2617
oxt,251611
oxt,2509
oxt,250620
oxt,2510
oxt,2526
p_c,271019
p_c,3826
p_c,271113
p_c,271112
p_c,271020
p_c,2712
p_c,271012
p_c,2706
p_c,271129
p_c,2704
p_c,2713
p_c,270220
p_c,270120
p_c,271119
p_c,271114
ppp,480524
ppp,480920
ppp,4702
ppp,844250
ppp,4806
ppp,4821
ppp,480840
ppp,480593
ppp,481013
ppp,481810
ppp,480269
ppp,482370
ppp,481029
ppp,560130
ppp,482320
ppp,482361
ppp,482390
ppp,480262
ppp,481490
ppp,4804
ppp,480240
ppp,481019
ppp,4803
ppp,481022
ppp,560129
ppp,481159
ppp,4705
ppp,480261
ppp,480810
ppp,481031
ppp,481620
ppp,481149
ppp,4817
ppp,480592
ppp,480220
ppp,480550
ppp,481890
ppp,4801
ppp,4706
ppp,481092
ppp,481160
ppp,560122
ppp,480530
ppp,482369
ppp,481190
ppp,481110
ppp,481039
ppp,480210
ppp,4813
ppp,481420
ppp,480254
ppp,4704
ppp,491199
ppp,480890
ppp,480540
ppp,480990
ppp,9619
ppp,480258
ppp,560121
ppp,481014
ppp,481141
ppp,4819
ppp,4822
ppp,4812
ppp,480512
ppp,480591
ppp,481032
ppp,481820
ppp,480519
ppp,4703
ppp,480256
ppp,481099
ppp,480511
ppp,4701
ppp,481690
ppp,4820
ppp,481850
ppp,480255
ppp,480257
ppp,5905
ppp,480525
ppp,482340
ppp,481830
ppp,480700
ppp,481151
rpp,640610
rpp,9620
rpp,5906
rpp,392043
rpp,3919
rpp,401219
rpp,4017
rpp,401130
rpp,392049
rpp,401031
rpp,400931
rpp,392099
rpp,640620
rpp,3918
rpp,401519
rpp,401034
rpp,401212
rpp,401170
rpp,4013
rpp,400942
rpp,401140
rpp,400922
rpp,401011
rpp,3922
rpp,401511
rpp,392020
rpp,401290
rpp,400911
rpp,854720
rpp,590490
rpp,940690
rpp,4007
rpp,392073
rpp,400941
rpp,401110
rpp,392094
rpp,4005
rpp,401012
rpp,400932
rpp,401035
rpp,401033
rpp,4006
rpp,392059
rpp,401120
rpp,3921
rpp,392061
rpp,401213
rpp,401190
rpp,392079
rpp,940592
rpp,401590
rpp,401019
rpp,392092
rpp,392069
rpp,392063
rpp,590410
rpp,4016
rpp,3924
rpp,3926
rpp,392091
rpp,3923
rpp,392030
rpp,401039
rpp,650691
rpp,401211
rpp,400921
rpp,401150
rpp,300691
rpp,400912
rpp,401032
rpp,640690
rpp,392062
rpp,3916
rpp,3925
rpp,4014
rpp,3917
rpp,392051
rpp,401036
rpp,401180
rpp,392010
rpp,392071
rpp,392093
rpp,4008
tex,5209
tex,570310
tex,600590
tex,570250
tex,551442
tex,520543
tex,630221
tex,560313
tex,5507
tex,630140
tex,530129
tex,530820
tex,540710
tex,560312
tex,940430
tex,5811
tex,520532
tex,551349
tex,600542
tex,520821
tex,570330
tex,530390
tex,630291
tex,520512
tex,5806
tex,580190
tex,521143
tex,6307
tex,5704
tex,580300
tex,520523
tex,510529
tex,5110
tex,580132
tex,630539
tex,510121
tex,530500
tex,551421
tex,540774
tex,521051
tex,520859
tex,630629
tex,600538
tex,521021
tex,540730
tex,551429
tex,630622
tex,570320
tex,551411
tex,5902
tex,560394
tex,520832
tex,560122
tex,521149
tex,520511
tex,630619
tex,540341
tex,630231
tex,540753
tex,630222
tex,5203
tex,5113
tex,521041
tex,520852
tex,520534
tex,580131
tex,521119
tex,600523
tex,520546
tex,5807
tex,520842
tex,560311
tex,520513
tex,5204
tex,551529
tex,510539
tex,520526
tex,5602
tex,570210
tex,600524
tex,520531
tex,510540
tex,530130
tex,580110
tex,5701
tex,580123
tex,540742
tex,5307
tex,630533
tex,630259
tex,521112
tex,521019
tex,510130
tex,551329
tex,580122
tex,521142
tex,540792
tex,580126
tex,630120
tex,560391
tex,5006
tex,520829
tex,520522
tex,6304
tex,521159
tex,5310
tex,551441
tex,5212
tex,600290
tex,560129
tex,520813
tex,600535
tex,5511
tex,5309
tex,540769
tex,5108
tex,5608
tex,520819
tex,551331
tex,630293
tex,520849
tex,510521
tex,520541
tex,6308
tex,570241
tex,580220
tex,5004
tex,521011
tex,551521
tex,570249
tex,600539
tex,520514
tex,540600
tex,510510
tex,5111
tex,560721
tex,5005
tex,600240
tex,551422
tex,510310
tex,540720
tex,560749
tex,520527
tex,540771
tex,540783
tex,701952
tex,521152
tex,701951
tex,600521
tex,560392
tex,551519
tex,8804
tex,560750
tex,520851
tex,520542
tex,540754
tex,551513
tex,630590
tex,630630
tex,5506
tex,520841
tex,520812
tex,520547
tex,630392
tex,520839
tex,5606
tex,540772
tex,510531
tex,5908
tex,5804
tex,630260
tex,551599
tex,540782
tex,630253
tex,5903
tex,540784
tex,540349
tex,5401
tex,540261
tex,600522
tex,6004
tex,551522
tex,540263
tex,530890
tex,5306
tex,551323
tex,5510
tex,5107
tex,600536
tex,570232
tex,521139
tex,520811
tex,551312
tex,521141
tex,5907
tex,570220
tex,551512
tex,570242
tex,540751
tex,630399
tex,551443
tex,560410
tex,580127
tex,630299
tex,600541
tex,600543
tex,551419
tex,521151
tex,6006
tex,540269
tex,570292
tex,630312
tex,530290
tex,5508
tex,5516
tex,570299
tex,5609
tex,551591
tex,5808
tex,551313
tex,540741
tex,630532
tex,520822
tex,521120
tex,560490
tex,5206
tex,521131
tex,5911
tex,540793
tex,701940
tex,580121
tex,5910
tex,510129
tex,580133
tex,560314
tex,551412
tex,5106
tex,701959
tex,520528
tex,570390
tex,540781
tex,540744
tex,540794
tex,630232
tex,5909
tex,600537
tex,530810
tex,5805
tex,570291
tex,5112
tex,530121
tex,570239
tex,540791
tex,521032
tex,551311
tex,5109
tex,630690
tex,521031
tex,6001
tex,630319
tex,940490
tex,5705
tex,5509
tex,520548
tex,520831
tex,630229
tex,520524
tex,630240
tex,551423
tex,560130
tex,630510
tex,551449
tex,520823
tex,580137
tex,580211
tex,520833
tex,560790
tex,630190
tex,560729
tex,520533
tex,540342
tex,630210
tex,521029
tex,520544
tex,521039
tex,551339
tex,630640
tex,580230
tex,540761
tex,630251
tex,551319
tex,540752
tex,570231
tex,630520
tex,5311
tex,5512
tex,551341
tex,520843
tex,551511
tex,5408
tex,5605
tex,5809
tex,520515
tex,580136
tex,600544
tex,5207
tex,520535
tex,521059
tex,560393
tex,5007
tex,5002
tex,560741
tex,560121
tex,540743
tex,520521
tex,5810
tex,630239
tex,521111
tex,5901
tex,630130
tex,6003
tex,551430
tex,540773
tex,630612
tex,540262
tex,521049
tex,521132
tex,580219
tex,630391
tex,551321
wap,6210
wap,621112
wap,610343
wap,610729
wap,620332
wap,610323
wap,610791
wap,620333
wap,611120
wap,620930
wap,620323
wap,610342
wap,610711
wap,611529
wap,610432
wap,620799
wap,650699
wap,611510
wap,610459
wap,610120
wap,620530
wap,620219
wap,620112
wap,620341
wap,610712
wap,621111
wap,610349
wap,610449
wap,6504
wap,610442
wap,620211
wap,621320
wap,610413
wap,620342
wap,610721
wap,6109
wap,6204
wap,610462
wap,611780
wap,610461
wap,4304
wap,610469
wap,650500
wap,611130
wap,620119
wap,620199
wap,611710
wap,611190
wap,620520
wap,611790
wap,620711
wap,620291
wap,610452
wap,610722
wap,620311
wap,621142
wap,610463
wap,610419
wap,610333
wap,620349
wap,620920
wap,610433
wap,611521
wap,620293
wap,610341
wap,610429
wap,611596
wap,620193
wap,420330
wap,611090
wap,620113
wap,392620
wap,620322
wap,610423
wap,610451
wap,620590
wap,6106
wap,6507
wap,6212
wap,6216
wap,620719
wap,420329
wap,620329
wap,620213
wap,611011
wap,620319
wap,6108
wap,621139
wap,6502
wap,610799
wap,610443
wap,611522
wap,620299
wap,611594
wap,620722
wap,620331
wap,610444
wap,611012
wap,611595
wap,620339
wap,611019
wap,610719
wap,620990
wap,610190
wap,6112
wap,610322
wap,621133
wap,6501
wap,610339
wap,610329
wap,611420
wap,620729
wap,621120
wap,6116
wap,6208
wap,610331
wap,621143
wap,620312
wap,610441
wap,620212
wap,6113
wap,610332
wap,611430
wap,611490
wap,621132
wap,420340
wap,620111
wap,620191
wap,621149
wap,6206
wap,420310
wap,620292
wap,6217
wap,620791
wap,611030
wap,610439
wap,6214
wap,620343
wap,4303
wap,620721
wap,621390
wap,611530
wap,6215
wap,610453
wap,6102
wap,610310
wap,611599
wap,611020
wap,610431
wap,610130
wap,620192
wap,6105
wap,610422
wtr,220190
wtr,4003
gsc,240391
gsc,2201
gsc,240399
gsc,1107
gsc,2204
gsc,220850
gsc,220890
gsc,220870
gsc,240319
gsc,2402
gsc,220840
gsc,220830
gsc,2205
gsc,220820
gsc,220860
gsc,240120
gsc,220210
gsc,2206
gsc,240311
gsc,220299
gsc,220291
gsc,2203
gsc,220710
