buying_sector,input_sector,inventory_duration_target
ACF,ACC,11.315370476238526
ACF,ACF,1.0491071428571428
ACF,ADM,7.033057551068458
ACF,AMO,7.253295646306554
ACF,ARC,11.315370476238526
ACF,BET,14.699724217735124
ACF,BUI,8.955676598687505
ACF,CON,2.865424588792638
ACF,CRE,14.699724217735124
ACF,CRO,3.061224489795918
ACF,CST,11.315370476238526
ACF,EDU,6.6937718367827435
ACF,ELE,4.285714285714286
ACF,EMP,8.955676598687505
ACF,FIN,3.8663908844017914
ACF,FIS,3.061224489795918
ACF,FOR,3.061224489795918
ACF,HEA,8.656621887441306
ACF,INF,4.285714285714286
ACF,INS,3.8663908844017914
ACF,LIB,14.699724217735124
ACF,LIV,3.061224489795918
ACF,MPA,3.420849420849421
ACF,MAO,3.420849420849421
ACF,MBA,3.420849420849421
ACF,MBE,3.420849420849421
ACF,MCH,3.420849420849421
ACF,MCO,3.420849420849421
ACF,MEL,3.420849420849421
ACF,MFA,3.420849420849421
ACF,MFO,3.420849420849421
ACF,MFU,3.420849420849421
ACF,MIN,2.5132162812271877
ACF,MMA,4.2339068238932915
ACF,MNM,3.420849420849421
ACF,MPH,3.420849420849421
ACF,MRU,3.420849420849421
ACF,MTE,3.420849420849421
ACF,MTO,3.420849420849421
ACF,MTR,3.420849420849421
ACF,MWO,3.420849420849421
ACF,OFS,8.955676598687505
ACF,OPS,7.253295646306554
ACF,POS,0.42857142857142855
ACF,PUB,4.285714285714286
ACF,REN,8.955676598687505
ACF,REP,7.253295646306554
ACF,RES,8.656621887441306
ACF,SEC,8.955676598687505
ACF,SOC,8.656621887441306
ACF,SPO,14.699724217735124
ACF,TEL,4.285714285714286
ACF,TRA,8.955676598687505
ACF,TRL,0.42857142857142855
ACF,TRR,5.749723145071982
ACF,TRW,5.749723145071982
ACF,VET,11.315370476238526
ACF,VID,4.285714285714286
ACF,WAS,4.285714285714286
ACF,REA,3.4470674830892962
ACF,IMP,3.4470674830892962
ADM,ACC,14.08246551585061
ADM,ACF,5.925235262638212
ADM,ADM,9.80015259068054
ADM,AMO,4.285714285714286
ADM,ARC,14.08246551585061
ADM,BET,17.466819257347204
ADM,BUI,1.0
ADM,CON,5.6325196284047205
ADM,CRE,17.466819257347204
ADM,CRO,6.907577722387359
ADM,CST,14.08246551585061
ADM,EDU,9.460866876394826
ADM,ELE,11.0
ADM,EMP,1.0
ADM,FIN,6.633485924013874
ADM,FIS,6.907577722387359
ADM,FOR,6.907577722387359
ADM,HEA,11.423716927053388
ADM,INF,13.142857142857142
ADM,INS,6.633485924013874
ADM,LIB,17.466819257347204
ADM,LIV,6.907577722387359
ADM,MPA,11.214285714285714
ADM,MAO,11.214285714285714
ADM,MBA,11.214285714285714
ADM,MBE,11.214285714285714
ADM,MCH,11.214285714285714
ADM,MCO,11.214285714285714
ADM,MEL,11.214285714285714
ADM,MFA,11.214285714285714
ADM,MFO,11.214285714285714
ADM,MFU,11.214285714285714
ADM,MIN,5.28031132083927
ADM,MMA,10.324534161490684
ADM,MNM,11.214285714285714
ADM,MPH,11.214285714285714
ADM,MRU,11.214285714285714
ADM,MTE,11.214285714285714
ADM,MTO,11.214285714285714
ADM,MTR,11.214285714285714
ADM,MWO,11.214285714285714
ADM,OFS,1.0
ADM,OPS,4.285714285714286
ADM,POS,10.310628781156728
ADM,PUB,13.142857142857142
ADM,REN,1.0
ADM,REP,4.285714285714286
ADM,RES,11.423716927053388
ADM,SEC,1.0
ADM,SOC,11.423716927053388
ADM,SPO,17.466819257347204
ADM,TEL,13.142857142857142
ADM,TRA,1.0
ADM,TRL,10.310628781156728
ADM,TRR,9.974025974025974
ADM,TRW,9.974025974025974
ADM,VET,14.08246551585061
ADM,VID,13.142857142857142
ADM,WAS,11.0
ADM,REA,8.981257562313461
ADM,IMP,8.981257562313461
AMO,ACC,11.679138321995465
AMO,ACF,3.521908068783069
AMO,ADM,7.396825396825396
AMO,AMO,7.617063492063492
AMO,ARC,11.679138321995465
AMO,BET,15.063492063492063
AMO,BUI,4.285714285714286
AMO,CON,3.2291924345495775
AMO,CRE,15.063492063492063
AMO,CRO,4.504250528532215
AMO,CST,11.679138321995465
AMO,EDU,7.057539682539682
AMO,ELE,3.74062358276644
AMO,EMP,4.285714285714286
AMO,FIN,4.23015873015873
AMO,FIS,4.504250528532215
AMO,FOR,4.504250528532215
AMO,HEA,9.020389733198243
AMO,INF,11.381802721088436
AMO,INS,4.23015873015873
AMO,LIB,15.063492063492063
AMO,LIV,4.504250528532215
AMO,MPA,6.230618541842339
AMO,MAO,6.230618541842339
AMO,MBA,6.230618541842339
AMO,MBE,6.230618541842339
AMO,MCH,6.230618541842339
AMO,MCO,6.230618541842339
AMO,MEL,6.230618541842339
AMO,MFA,6.230618541842339
AMO,MFO,6.230618541842339
AMO,MFU,6.230618541842339
AMO,MIN,2.876984126984127
AMO,MMA,3.9523809523809526
AMO,MNM,6.230618541842339
AMO,MPH,6.230618541842339
AMO,MRU,6.230618541842339
AMO,MTE,6.230618541842339
AMO,MTO,6.230618541842339
AMO,MTR,6.230618541842339
AMO,MWO,6.230618541842339
AMO,OFS,4.285714285714286
AMO,OPS,7.617063492063492
AMO,POS,7.907301587301587
AMO,PUB,11.381802721088436
AMO,REN,4.285714285714286
AMO,REP,7.617063492063492
AMO,RES,9.020389733198243
AMO,SEC,4.285714285714286
AMO,SOC,9.020389733198243
AMO,SPO,15.063492063492063
AMO,TEL,11.381802721088436
AMO,TRA,4.285714285714286
AMO,TRL,7.907301587301587
AMO,TRR,3.9523809523809526
AMO,TRW,3.9523809523809526
AMO,VET,11.679138321995465
AMO,VID,11.381802721088436
AMO,WAS,3.873015873015873
AMO,REA,4.174603174603175
AMO,IMP,4.174603174603175
ARC,ACC,13.23469387755102
ARC,ACF,5.077463624338625
ARC,ADM,8.952380952380953
ARC,AMO,9.17261904761905
ARC,ARC,13.23469387755102
ARC,BET,16.619047619047617
ARC,BUI,10.875
ARC,CON,4.784747990105133
ARC,CRE,16.619047619047617
ARC,CRO,6.05980608408777
ARC,CST,13.23469387755102
ARC,EDU,8.613095238095237
ARC,ELE,5.296179138321995
ARC,EMP,10.875
ARC,FIN,5.785714285714286
ARC,FIS,6.05980608408777
ARC,FOR,6.05980608408777
ARC,HEA,10.575945288753799
ARC,INF,12.937358276643991
ARC,INS,5.785714285714286
ARC,LIB,16.619047619047617
ARC,LIV,6.05980608408777
ARC,MPA,7.786174097397894
ARC,MAO,7.786174097397894
ARC,MBA,7.786174097397894
ARC,MBE,7.786174097397894
ARC,MCH,7.786174097397894
ARC,MCO,7.786174097397894
ARC,MEL,7.786174097397894
ARC,MFA,7.786174097397894
ARC,MFO,7.786174097397894
ARC,MFU,7.786174097397894
ARC,MIN,4.432539682539683
ARC,MMA,7.285714285714286
ARC,MNM,7.786174097397894
ARC,MPH,7.786174097397894
ARC,MRU,7.786174097397894
ARC,MTE,7.786174097397894
ARC,MTO,7.786174097397894
ARC,MTR,7.786174097397894
ARC,MWO,7.786174097397894
ARC,OFS,10.875
ARC,OPS,9.17261904761905
ARC,POS,9.462857142857143
ARC,PUB,12.937358276643991
ARC,REN,10.875
ARC,REP,9.17261904761905
ARC,RES,10.575945288753799
ARC,SEC,10.875
ARC,SOC,10.575945288753799
ARC,SPO,16.619047619047617
ARC,TEL,12.937358276643991
ARC,TRA,10.875
ARC,TRL,9.462857142857143
ARC,TRR,7.285714285714286
ARC,TRW,7.285714285714286
ARC,VET,13.23469387755102
ARC,VID,12.937358276643991
ARC,WAS,5.428571428571429
ARC,REA,7.285714285714286
ARC,IMP,7.285714285714286
BUI,ACC,11.73469387755102
BUI,ACF,3.5774636243386246
BUI,ADM,7.452380952380952
BUI,AMO,7.672619047619048
BUI,ARC,11.73469387755102
BUI,BET,15.119047619047619
BUI,BUI,9.375
BUI,CON,3.284747990105133
BUI,CRE,15.119047619047619
BUI,CRO,4.5598060840877706
BUI,CST,11.73469387755102
BUI,EDU,7.113095238095238
BUI,ELE,3.7961791383219956
BUI,EMP,9.375
BUI,FIN,4.285714285714286
BUI,FIS,4.5598060840877706
BUI,FOR,4.5598060840877706
BUI,HEA,9.075945288753799
BUI,INF,11.437358276643991
BUI,INS,4.285714285714286
BUI,LIB,15.119047619047619
BUI,LIV,4.5598060840877706
BUI,MPA,6.286174097397894
BUI,MAO,6.286174097397894
BUI,MBA,6.286174097397894
BUI,MBE,6.286174097397894
BUI,MCH,6.286174097397894
BUI,MCO,6.286174097397894
BUI,MEL,6.286174097397894
BUI,MFA,6.286174097397894
BUI,MFO,6.286174097397894
BUI,MFU,6.286174097397894
BUI,MIN,2.932539682539683
BUI,MMA,4.285714285714286
BUI,MNM,6.286174097397894
BUI,MPH,6.286174097397894
BUI,MRU,6.286174097397894
BUI,MTE,6.286174097397894
BUI,MTO,6.286174097397894
BUI,MTR,6.286174097397894
BUI,MWO,6.286174097397894
BUI,OFS,9.375
BUI,OPS,7.672619047619048
BUI,POS,7.962857142857142
BUI,PUB,11.437358276643991
BUI,REN,9.375
BUI,REP,7.672619047619048
BUI,RES,9.075945288753799
BUI,SEC,9.375
BUI,SOC,9.075945288753799
BUI,SPO,15.119047619047619
BUI,TEL,11.437358276643991
BUI,TRA,9.375
BUI,TRL,7.962857142857142
BUI,TRR,4.285714285714286
BUI,TRW,4.285714285714286
BUI,VET,11.73469387755102
BUI,VID,11.437358276643991
BUI,WAS,3.9285714285714284
BUI,REA,4.285714285714286
BUI,IMP,4.285714285714286
CON,ACC,10.226369344780922
CON,ACF,2.0691390915685273
CON,ADM,5.944056419610854
CON,AMO,6.16429451484895
CON,ARC,10.226369344780922
CON,BET,13.61072308627752
CON,BUI,7.866675467229903
CON,CON,1.8154761904761905
CON,CRE,13.61072308627752
CON,CRO,3.0514815513176727
CON,CST,10.226369344780922
CON,EDU,5.60477070532514
CON,ELE,1.0
CON,EMP,7.866675467229903
CON,FIN,2.777389752944188
CON,FIS,3.0514815513176727
CON,FOR,3.0514815513176727
CON,HEA,7.567620755983702
CON,INF,9.929033743873893
CON,INS,2.777389752944188
CON,LIB,13.61072308627752
CON,LIV,3.0514815513176727
CON,MPA,0.2857142857142857
CON,MAO,0.2857142857142857
CON,MBA,0.2857142857142857
CON,MBE,0.2857142857142857
CON,MCH,0.2857142857142857
CON,MCO,0.2857142857142857
CON,MEL,0.2857142857142857
CON,MFA,0.2857142857142857
CON,MFO,0.2857142857142857
CON,MFU,0.2857142857142857
CON,MIN,1.1428571428571428
CON,MMA,4.7373271889400925
CON,MNM,0.2857142857142857
CON,MPH,0.2857142857142857
CON,MRU,0.2857142857142857
CON,MTE,0.2857142857142857
CON,MTO,0.2857142857142857
CON,MTR,0.2857142857142857
CON,MWO,0.2857142857142857
CON,OFS,7.866675467229903
CON,OPS,6.16429451484895
CON,POS,6.454532610087044
CON,PUB,9.929033743873893
CON,REN,7.866675467229903
CON,REP,6.16429451484895
CON,RES,7.567620755983702
CON,SEC,7.866675467229903
CON,SOC,7.567620755983702
CON,SPO,13.61072308627752
CON,TEL,9.929033743873893
CON,TRA,7.866675467229903
CON,TRL,6.454532610087044
CON,TRR,7.952380952380952
CON,TRW,7.952380952380952
CON,VET,10.226369344780922
CON,VID,9.929033743873893
CON,WAS,1.0
CON,REA,1.269065220174091
CON,IMP,1.269065220174091
EDU,ACC,0.2857142857142857
EDU,ACF,7.178571428571429
EDU,ADM,14.714285714285714
EDU,AMO,38.57142857142857
EDU,ARC,0.2857142857142857
EDU,BET,28.08580751873627
EDU,BUI,52.142857142857146
EDU,CON,16.25150788979379
EDU,CRE,28.08580751873627
EDU,CRO,28.214285714285715
EDU,CST,0.2857142857142857
EDU,EDU,20.25
EDU,ELE,16.76293903801065
EDU,EMP,52.142857142857146
EDU,FIN,17.25247418540294
EDU,FIS,28.214285714285715
EDU,FOR,28.214285714285715
EDU,HEA,37.214285714285715
EDU,INF,52.142857142857146
EDU,INS,17.25247418540294
EDU,LIB,28.08580751873627
EDU,LIV,28.214285714285715
EDU,MPA,27.74285714285714
EDU,MAO,27.74285714285714
EDU,MBA,27.74285714285714
EDU,MBE,27.74285714285714
EDU,MCH,27.74285714285714
EDU,MCO,27.74285714285714
EDU,MEL,27.74285714285714
EDU,MFA,27.74285714285714
EDU,MFO,27.74285714285714
EDU,MFU,27.74285714285714
EDU,MIN,15.899299582228336
EDU,MMA,17.47227658186562
EDU,MNM,27.74285714285714
EDU,MPH,27.74285714285714
EDU,MRU,27.74285714285714
EDU,MTE,27.74285714285714
EDU,MTO,27.74285714285714
EDU,MTR,27.74285714285714
EDU,MWO,27.74285714285714
EDU,OFS,52.142857142857146
EDU,OPS,38.57142857142857
EDU,POS,20.929617042545797
EDU,PUB,52.142857142857146
EDU,REN,52.142857142857146
EDU,REP,38.57142857142857
EDU,RES,37.214285714285715
EDU,SEC,52.142857142857146
EDU,SOC,37.214285714285715
EDU,SPO,28.08580751873627
EDU,TEL,52.142857142857146
EDU,TRA,52.142857142857146
EDU,TRL,20.929617042545797
EDU,TRR,13.137291280148423
EDU,TRW,13.137291280148423
EDU,VET,0.2857142857142857
EDU,VID,52.142857142857146
EDU,WAS,16.89533132826008
EDU,REA,30.219234085091593
EDU,IMP,30.219234085091593
ELE,ACC,15.791836734693877
ELE,ACF,7.634606481481482
ELE,ADM,11.50952380952381
ELE,AMO,11.729761904761904
ELE,ARC,15.791836734693877
ELE,BET,19.176190476190474
ELE,BUI,13.432142857142859
ELE,CON,7.341890847247989
ELE,CRE,19.176190476190474
ELE,CRO,8.616948941230628
ELE,CST,15.791836734693877
ELE,EDU,11.170238095238094
ELE,ELE,7.853321995464853
ELE,EMP,13.432142857142859
ELE,FIN,8.342857142857143
ELE,FIS,8.616948941230628
ELE,FOR,8.616948941230628
ELE,HEA,13.133088145896656
ELE,INF,15.494501133786846
ELE,INS,8.342857142857143
ELE,LIB,19.176190476190474
ELE,LIV,8.616948941230628
ELE,MPA,10.343316954540752
ELE,MAO,10.343316954540752
ELE,MBA,10.343316954540752
ELE,MBE,10.343316954540752
ELE,MCH,10.343316954540752
ELE,MCO,10.343316954540752
ELE,MEL,10.343316954540752
ELE,MFA,10.343316954540752
ELE,MFO,10.343316954540752
ELE,MFU,10.343316954540752
ELE,MIN,6.98968253968254
ELE,MMA,12.4
ELE,MNM,10.343316954540752
ELE,MPH,10.343316954540752
ELE,MRU,10.343316954540752
ELE,MTE,10.343316954540752
ELE,MTO,10.343316954540752
ELE,MTR,10.343316954540752
ELE,MWO,10.343316954540752
ELE,OFS,13.432142857142859
ELE,OPS,11.729761904761904
ELE,POS,12.019999999999998
ELE,PUB,15.494501133786846
ELE,REN,13.432142857142859
ELE,REP,11.729761904761904
ELE,RES,13.133088145896656
ELE,SEC,13.432142857142859
ELE,SOC,13.133088145896656
ELE,SPO,19.176190476190474
ELE,TEL,15.494501133786846
ELE,TRA,13.432142857142859
ELE,TRL,12.019999999999998
ELE,TRR,12.4
ELE,TRW,12.4
ELE,VET,15.791836734693877
ELE,VID,15.494501133786846
ELE,WAS,7.985714285714286
ELE,REA,12.4
ELE,IMP,12.4
EMP,ACC,16.274376417233558
EMP,ACF,8.117146164021165
EMP,ADM,11.992063492063492
EMP,AMO,12.212301587301587
EMP,ARC,16.274376417233558
EMP,BET,19.658730158730158
EMP,BUI,13.91468253968254
EMP,CON,7.824430529787672
EMP,CRE,19.658730158730158
EMP,CRO,9.099488623770311
EMP,CST,16.274376417233558
EMP,EDU,11.652777777777777
EMP,ELE,1.0
EMP,EMP,13.91468253968254
EMP,FIN,8.825396825396826
EMP,FIS,9.099488623770311
EMP,FOR,9.099488623770311
EMP,HEA,13.61562782843634
EMP,INF,25.714285714285715
EMP,INS,8.825396825396826
EMP,LIB,19.658730158730158
EMP,LIV,9.099488623770311
EMP,MPA,10.825856637080433
EMP,MAO,10.825856637080433
EMP,MBA,10.825856637080433
EMP,MBE,10.825856637080433
EMP,MCH,10.825856637080433
EMP,MCO,10.825856637080433
EMP,MEL,10.825856637080433
EMP,MFA,10.825856637080433
EMP,MFO,10.825856637080433
EMP,MFU,10.825856637080433
EMP,MIN,7.472222222222222
EMP,MMA,5.142857142857143
EMP,MNM,10.825856637080433
EMP,MPH,10.825856637080433
EMP,MRU,10.825856637080433
EMP,MTE,10.825856637080433
EMP,MTO,10.825856637080433
EMP,MTR,10.825856637080433
EMP,MWO,10.825856637080433
EMP,OFS,13.91468253968254
EMP,OPS,12.212301587301587
EMP,POS,12.502539682539682
EMP,PUB,25.714285714285715
EMP,REN,13.91468253968254
EMP,REP,12.212301587301587
EMP,RES,13.61562782843634
EMP,SEC,13.91468253968254
EMP,SOC,13.61562782843634
EMP,SPO,19.658730158730158
EMP,TEL,25.714285714285715
EMP,TRA,13.91468253968254
EMP,TRL,12.502539682539682
EMP,TRR,5.142857142857143
EMP,TRW,5.142857142857143
EMP,VET,16.274376417233558
EMP,VID,25.714285714285715
EMP,WAS,1.0
EMP,REA,13.365079365079366
EMP,IMP,13.365079365079366
FIN,ACC,4.285714285714286
FIN,ACF,3.8604048008092127
FIN,ADM,7.73532212885154
FIN,AMO,7.955560224089636
FIN,ARC,4.285714285714286
FIN,BET,15.401988795518207
FIN,BUI,9.657941176470588
FIN,CON,1.3333333333333335
FIN,CRE,15.401988795518207
FIN,CRO,4.285714285714286
FIN,CST,4.285714285714286
FIN,EDU,7.396036414565826
FIN,ELE,0.0
FIN,EMP,9.657941176470588
FIN,FIN,4.568655462184874
FIN,FIS,4.285714285714286
FIN,FOR,4.285714285714286
FIN,HEA,9.358886465224387
FIN,INF,1.0
FIN,INS,4.568655462184874
FIN,LIB,15.401988795518207
FIN,LIV,4.285714285714286
FIN,MPA,4.285714285714286
FIN,MAO,4.285714285714286
FIN,MBA,4.285714285714286
FIN,MBE,4.285714285714286
FIN,MCH,4.285714285714286
FIN,MCO,4.285714285714286
FIN,MEL,4.285714285714286
FIN,MFA,4.285714285714286
FIN,MFO,4.285714285714286
FIN,MFU,4.285714285714286
FIN,MIN,3.215480859010271
FIN,MMA,11.954285714285716
FIN,MNM,4.285714285714286
FIN,MPH,4.285714285714286
FIN,MRU,4.285714285714286
FIN,MTE,4.285714285714286
FIN,MTO,4.285714285714286
FIN,MTR,4.285714285714286
FIN,MWO,4.285714285714286
FIN,OFS,9.657941176470588
FIN,OPS,7.955560224089636
FIN,POS,8.245798319327731
FIN,PUB,1.0
FIN,REN,9.657941176470588
FIN,REP,7.955560224089636
FIN,RES,9.358886465224387
FIN,SEC,9.657941176470588
FIN,SOC,9.358886465224387
FIN,SPO,15.401988795518207
FIN,TEL,1.0
FIN,TRA,9.657941176470588
FIN,TRL,8.245798319327731
FIN,TRR,20.261904761904763
FIN,TRW,20.261904761904763
FIN,VET,4.285714285714286
FIN,VID,1.0
FIN,WAS,4.211512605042016
FIN,REA,4.8515966386554625
FIN,IMP,4.8515966386554625
HEA,ACC,11.329235616076618
HEA,ACF,2.0
HEA,ADM,12.857142857142858
HEA,AMO,7.267160786144645
HEA,ARC,11.329235616076618
HEA,BET,14.713589357573216
HEA,BUI,0.42857142857142855
HEA,CON,2.879289728630731
HEA,CRE,14.713589357573216
HEA,CRO,4.285714285714286
HEA,CST,11.329235616076618
HEA,EDU,6.707636976620835
HEA,ELE,3.390720876847593
HEA,EMP,0.42857142857142855
HEA,FIN,3.880256024239883
HEA,FIS,4.285714285714286
HEA,FOR,4.285714285714286
HEA,HEA,4.133738601823708
HEA,INF,2.0
HEA,INS,3.880256024239883
HEA,LIB,14.713589357573216
HEA,LIV,4.285714285714286
HEA,MPA,5.880715835923491
HEA,MAO,5.880715835923491
HEA,MBA,5.880715835923491
HEA,MBE,5.880715835923491
HEA,MCH,5.880715835923491
HEA,MCO,5.880715835923491
HEA,MEL,5.880715835923491
HEA,MFA,5.880715835923491
HEA,MFO,5.880715835923491
HEA,MFU,5.880715835923491
HEA,MIN,2.52708142106528
HEA,MMA,7.157635467980296
HEA,MNM,5.880715835923491
HEA,MPH,5.880715835923491
HEA,MRU,5.880715835923491
HEA,MTE,5.880715835923491
HEA,MTO,5.880715835923491
HEA,MTR,5.880715835923491
HEA,MWO,5.880715835923491
HEA,OFS,0.42857142857142855
HEA,OPS,7.267160786144645
HEA,POS,7.557398881382739
HEA,PUB,2.0
HEA,REN,0.42857142857142855
HEA,REP,7.267160786144645
HEA,RES,4.133738601823708
HEA,SEC,0.42857142857142855
HEA,SOC,4.133738601823708
HEA,SPO,14.713589357573216
HEA,TEL,2.0
HEA,TRA,0.42857142857142855
HEA,TRL,7.557398881382739
HEA,TRR,7.157635467980296
HEA,TRW,7.157635467980296
HEA,VET,11.329235616076618
HEA,VID,2.0
HEA,WAS,3.523113167097026
HEA,REA,3.4747977627654807
HEA,IMP,3.4747977627654807
INS,ACC,10.806122448979592
INS,ACF,2.648892195767196
INS,ADM,6.523809523809524
INS,AMO,6.7440476190476195
INS,ARC,10.806122448979592
INS,BET,14.19047619047619
INS,BUI,8.446428571428571
INS,CON,2.356176561533704
INS,CRE,14.19047619047619
INS,CRO,3.6312346555163413
INS,CST,10.806122448979592
INS,EDU,6.184523809523809
INS,ELE,2.8676077097505663
INS,EMP,8.446428571428571
INS,FIN,4.285714285714286
INS,FIS,3.6312346555163413
INS,FOR,3.6312346555163413
INS,HEA,8.147373860182372
INS,INF,10.508786848072562
INS,INS,4.285714285714286
INS,LIB,14.19047619047619
INS,LIV,3.6312346555163413
INS,MPA,5.357602668826465
INS,MAO,5.357602668826465
INS,MBA,5.357602668826465
INS,MBE,5.357602668826465
INS,MCH,5.357602668826465
INS,MCO,5.357602668826465
INS,MEL,5.357602668826465
INS,MFA,5.357602668826465
INS,MFO,5.357602668826465
INS,MFU,5.357602668826465
INS,MIN,2.0039682539682535
INS,MMA,1.1904761904761905
INS,MNM,5.357602668826465
INS,MPH,5.357602668826465
INS,MRU,5.357602668826465
INS,MTE,5.357602668826465
INS,MTO,5.357602668826465
INS,MTR,5.357602668826465
INS,MWO,5.357602668826465
INS,OFS,8.446428571428571
INS,OPS,6.7440476190476195
INS,POS,7.034285714285714
INS,PUB,10.508786848072562
INS,REN,8.446428571428571
INS,REP,6.7440476190476195
INS,RES,8.147373860182372
INS,SEC,8.446428571428571
INS,SOC,8.147373860182372
INS,SPO,14.19047619047619
INS,TEL,10.508786848072562
INS,TRA,8.446428571428571
INS,TRL,7.034285714285714
INS,TRR,1.1904761904761905
INS,TRW,1.1904761904761905
INS,VET,10.806122448979592
INS,VID,10.508786848072562
INS,WAS,3.0
INS,REA,2.428571428571428
INS,IMP,2.428571428571428
MPA,ACC,13.974946853741496
MPA,ACF,5.817716600529101
MPA,ADM,9.692633928571427
MPA,AMO,9.912872023809525
MPA,ARC,13.974946853741496
MPA,BET,17.359300595238093
MPA,BUI,11.615252976190476
MPA,CON,0.7142857142857143
MPA,CRE,17.359300595238093
MPA,CRO,6.800059060278246
MPA,CST,13.974946853741496
MPA,EDU,9.353348214285713
MPA,ELE,6.036432114512471
MPA,EMP,11.615252976190476
MPA,FIN,6.5259672619047615
MPA,FIS,6.800059060278246
MPA,FOR,6.800059060278246
MPA,HEA,11.316198264944274
MPA,INF,2.142857142857143
MPA,INS,6.5259672619047615
MPA,LIB,17.359300595238093
MPA,LIV,6.800059060278246
MPA,MPA,11.25
MPA,MAO,11.25
MPA,MBA,11.25
MPA,MBE,11.25
MPA,MCH,11.25
MPA,MCO,11.25
MPA,MEL,11.25
MPA,MFA,11.25
MPA,MFO,11.25
MPA,MFU,11.25
MPA,MIN,5.172792658730159
MPA,MMA,9.953125
MPA,MNM,11.25
MPA,MPH,11.25
MPA,MRU,11.25
MPA,MTE,11.25
MPA,MTO,11.25
MPA,MTR,11.25
MPA,MWO,11.25
MPA,OFS,11.615252976190476
MPA,OPS,9.912872023809525
MPA,POS,10.203110119047619
MPA,PUB,2.142857142857143
MPA,REN,11.615252976190476
MPA,REP,9.912872023809525
MPA,RES,11.316198264944274
MPA,SEC,11.615252976190476
MPA,SOC,11.316198264944274
MPA,SPO,17.359300595238093
MPA,TEL,2.142857142857143
MPA,TRA,11.615252976190476
MPA,TRL,10.203110119047619
MPA,TRR,4.333333333333333
MPA,TRW,4.333333333333333
MPA,VET,13.974946853741496
MPA,VID,2.142857142857143
MPA,WAS,6.168824404761905
MPA,REA,8.766220238095238
MPA,IMP,8.766220238095238
MAO,ACC,11.70612244897959
MAO,ACF,3.5488921957671957
MAO,ADM,7.423809523809524
MAO,AMO,7.64404761904762
MAO,ARC,11.70612244897959
MAO,BET,15.09047619047619
MAO,BUI,9.346428571428572
MAO,CON,3.2561765615337044
MAO,CRE,15.09047619047619
MAO,CRO,4.531234655516342
MAO,CST,11.70612244897959
MAO,EDU,7.08452380952381
MAO,ELE,4.0
MAO,EMP,9.346428571428572
MAO,FIN,4.257142857142857
MAO,FIS,4.531234655516342
MAO,FOR,4.531234655516342
MAO,HEA,9.047373860182372
MAO,INF,11.408786848072562
MAO,INS,4.257142857142857
MAO,LIB,15.09047619047619
MAO,LIV,4.531234655516342
MAO,MPA,6.257602668826465
MAO,MAO,6.257602668826465
MAO,MBA,6.257602668826465
MAO,MBE,6.257602668826465
MAO,MCH,6.257602668826465
MAO,MCO,6.257602668826465
MAO,MEL,6.257602668826465
MAO,MFA,6.257602668826465
MAO,MFO,6.257602668826465
MAO,MFU,6.257602668826465
MAO,MIN,4.285714285714286
MAO,MMA,4.285714285714286
MAO,MNM,6.257602668826465
MAO,MPH,6.257602668826465
MAO,MRU,6.257602668826465
MAO,MTE,6.257602668826465
MAO,MTO,6.257602668826465
MAO,MTR,6.257602668826465
MAO,MWO,6.257602668826465
MAO,OFS,9.346428571428572
MAO,OPS,7.64404761904762
MAO,POS,7.934285714285713
MAO,PUB,11.408786848072562
MAO,REN,9.346428571428572
MAO,REP,7.64404761904762
MAO,RES,9.047373860182372
MAO,SEC,9.346428571428572
MAO,SOC,9.047373860182372
MAO,SPO,15.09047619047619
MAO,TEL,11.408786848072562
MAO,TRA,9.346428571428572
MAO,TRL,7.934285714285713
MAO,TRR,4.285714285714286
MAO,TRW,4.285714285714286
MAO,VET,11.70612244897959
MAO,VID,11.408786848072562
MAO,WAS,3.9
MAO,REA,4.228571428571429
MAO,IMP,4.228571428571429
MBE,ACC,11.305886406286652
MBE,ACF,3.1486561530742563
MBE,ADM,7.023573481116584
MBE,AMO,7.2438115763546795
MBE,ARC,11.305886406286652
MBE,BET,14.690240147783252
MBE,BUI,8.946192528735633
MBE,CON,2.855940518840765
MBE,CRE,14.690240147783252
MBE,CRO,4.130998612823403
MBE,CST,11.305886406286652
MBE,EDU,6.684287766830869
MBE,ELE,3.3673716670576277
MBE,EMP,8.946192528735633
MBE,FIN,3.8569068144499177
MBE,FIS,4.130998612823403
MBE,FOR,4.130998612823403
MBE,HEA,8.647137817489432
MBE,INF,11.008550805379624
MBE,INS,3.8569068144499177
MBE,LIB,14.690240147783252
MBE,LIV,4.130998612823403
MBE,MPA,3.607142857142857
MBE,MAO,3.607142857142857
MBE,MBA,3.607142857142857
MBE,MBE,3.607142857142857
MBE,MCH,3.607142857142857
MBE,MCO,3.607142857142857
MBE,MEL,3.607142857142857
MBE,MFA,3.607142857142857
MBE,MFO,3.607142857142857
MBE,MFU,3.607142857142857
MBE,MIN,2.5037322112753144
MBE,MMA,3.4310344827586206
MBE,MNM,3.607142857142857
MBE,MPH,3.607142857142857
MBE,MRU,3.607142857142857
MBE,MTE,3.607142857142857
MBE,MTO,3.607142857142857
MBE,MTR,3.607142857142857
MBE,MWO,3.607142857142857
MBE,OFS,8.946192528735633
MBE,OPS,7.2438115763546795
MBE,POS,7.534049671592775
MBE,PUB,11.008550805379624
MBE,REN,8.946192528735633
MBE,REP,7.2438115763546795
MBE,RES,8.647137817489432
MBE,SEC,8.946192528735633
MBE,SOC,8.647137817489432
MBE,SPO,14.690240147783252
MBE,TEL,11.008550805379624
MBE,TRA,8.946192528735633
MBE,TRL,7.534049671592775
MBE,TRR,1.9047619047619049
MBE,TRW,1.9047619047619049
MBE,VET,11.305886406286652
MBE,VID,11.008550805379624
MBE,WAS,3.4997639573070605
MBE,REA,3.4280993431855498
MBE,IMP,3.4280993431855498
MCH,ACC,13.754494445879619
MCH,ACF,5.5972641926672235
MCH,ADM,9.472181520709551
MCH,AMO,9.692419615947646
MCH,ARC,13.754494445879619
MCH,BET,17.13884818737622
MCH,BUI,11.3948005683286
MCH,CON,5.304548558433732
MCH,CRE,17.13884818737622
MCH,CRO,4.285714285714286
MCH,CST,13.754494445879619
MCH,EDU,9.132895806423836
MCH,ELE,0.0
MCH,EMP,11.3948005683286
MCH,FIN,6.305514854042885
MCH,FIS,4.285714285714286
MCH,FOR,4.285714285714286
MCH,HEA,11.095745857082397
MCH,INF,13.457158844972591
MCH,INS,6.305514854042885
MCH,LIB,17.13884818737622
MCH,LIV,4.285714285714286
MCH,MPA,10.200000000000001
MCH,MAO,10.200000000000001
MCH,MBA,10.200000000000001
MCH,MBE,10.200000000000001
MCH,MCH,10.200000000000001
MCH,MCO,10.200000000000001
MCH,MEL,10.200000000000001
MCH,MFA,10.200000000000001
MCH,MFO,10.200000000000001
MCH,MFU,10.200000000000001
MCH,MIN,4.952340250868281
MCH,MMA,9.14104882459313
MCH,MNM,10.200000000000001
MCH,MPH,10.200000000000001
MCH,MRU,10.200000000000001
MCH,MTE,10.200000000000001
MCH,MTO,10.200000000000001
MCH,MTR,10.200000000000001
MCH,MWO,10.200000000000001
MCH,OFS,11.3948005683286
MCH,OPS,9.692419615947646
MCH,POS,9.982657711185741
MCH,PUB,13.457158844972591
MCH,REN,11.3948005683286
MCH,REP,9.692419615947646
MCH,RES,11.095745857082397
MCH,SEC,11.3948005683286
MCH,SOC,11.095745857082397
MCH,SPO,17.13884818737622
MCH,TEL,13.457158844972591
MCH,TRA,11.3948005683286
MCH,TRL,9.982657711185741
MCH,TRR,4.224489795918368
MCH,TRW,4.224489795918368
MCH,VET,13.754494445879619
MCH,VID,13.457158844972591
MCH,WAS,5.948371996900028
MCH,REA,8.325315422371483
MCH,IMP,8.325315422371483
MEL,ACC,9.73469387755102
MEL,ACF,1.5774636243386246
MEL,ADM,5.452380952380952
MEL,AMO,5.672619047619048
MEL,ARC,9.73469387755102
MEL,BET,13.119047619047619
MEL,BUI,7.375
MEL,CON,1.284747990105133
MEL,CRE,13.119047619047619
MEL,CRO,2.5598060840877706
MEL,CST,9.73469387755102
MEL,EDU,5.113095238095238
MEL,ELE,1.7961791383219956
MEL,EMP,7.375
MEL,FIN,2.2857142857142856
MEL,FIS,2.5598060840877706
MEL,FOR,2.5598060840877706
MEL,HEA,7.0759452887537995
MEL,INF,9.437358276643991
MEL,INS,2.2857142857142856
MEL,LIB,13.119047619047619
MEL,LIV,2.5598060840877706
MEL,MPA,0.2857142857142857
MEL,MAO,0.2857142857142857
MEL,MBA,0.2857142857142857
MEL,MBE,0.2857142857142857
MEL,MCH,0.2857142857142857
MEL,MCO,0.2857142857142857
MEL,MEL,0.2857142857142857
MEL,MFA,0.2857142857142857
MEL,MFO,0.2857142857142857
MEL,MFU,0.2857142857142857
MEL,MIN,0.9325396825396826
MEL,MMA,0.2857142857142857
MEL,MNM,0.2857142857142857
MEL,MPH,0.2857142857142857
MEL,MRU,0.2857142857142857
MEL,MTE,0.2857142857142857
MEL,MTO,0.2857142857142857
MEL,MTR,0.2857142857142857
MEL,MWO,0.2857142857142857
MEL,OFS,7.375
MEL,OPS,5.672619047619048
MEL,POS,5.962857142857142
MEL,PUB,9.437358276643991
MEL,REN,7.375
MEL,REP,5.672619047619048
MEL,RES,7.0759452887537995
MEL,SEC,7.375
MEL,SOC,7.0759452887537995
MEL,SPO,13.119047619047619
MEL,TEL,9.437358276643991
MEL,TRA,7.375
MEL,TRL,5.962857142857142
MEL,TRR,3.536438262865598
MEL,TRW,3.536438262865598
MEL,VET,9.73469387755102
MEL,VID,9.437358276643991
MEL,WAS,1.9285714285714286
MEL,REA,0.2857142857142857
MEL,IMP,0.2857142857142857
MFA,ACC,13.811973375933107
MFA,ACF,5.654743122720712
MFA,ADM,9.529660450763041
MFA,AMO,9.749898546001136
MFA,ARC,13.811973375933107
MFA,BET,17.196327117429707
MFA,BUI,11.452279498382087
MFA,CON,1.1428571428571428
MFA,CRE,17.196327117429707
MFA,CRO,6.637085582469858
MFA,CST,13.811973375933107
MFA,EDU,9.190374736477326
MFA,ELE,5.8734586367040835
MFA,EMP,11.452279498382087
MFA,FIN,6.362993784096373
MFA,FIS,6.637085582469858
MFA,FOR,6.637085582469858
MFA,HEA,11.153224787135887
MFA,INF,13.514637775026078
MFA,INS,6.362993784096373
MFA,LIB,17.196327117429707
MFA,LIV,6.637085582469858
MFA,MPA,8.959183673469388
MFA,MAO,8.959183673469388
MFA,MBA,8.959183673469388
MFA,MBE,8.959183673469388
MFA,MCH,8.959183673469388
MFA,MCO,8.959183673469388
MFA,MEL,8.959183673469388
MFA,MFA,8.959183673469388
MFA,MFO,8.959183673469388
MFA,MFU,8.959183673469388
MFA,MIN,5.009819180921769
MFA,MMA,8.563676633444075
MFA,MNM,8.959183673469388
MFA,MPH,8.959183673469388
MFA,MRU,8.959183673469388
MFA,MTE,8.959183673469388
MFA,MTO,8.959183673469388
MFA,MTR,8.959183673469388
MFA,MWO,8.959183673469388
MFA,OFS,11.452279498382087
MFA,OPS,9.749898546001136
MFA,POS,10.04013664123923
MFA,PUB,13.514637775026078
MFA,REN,11.452279498382087
MFA,REP,9.749898546001136
MFA,RES,11.153224787135887
MFA,SEC,11.452279498382087
MFA,SOC,11.153224787135887
MFA,SPO,17.196327117429707
MFA,TEL,13.514637775026078
MFA,TRA,11.452279498382087
MFA,TRL,10.04013664123923
MFA,TRR,7.616541353383459
MFA,TRW,7.616541353383459
MFA,VET,13.811973375933107
MFA,VID,13.514637775026078
MFA,WAS,6.005850926953515
MFA,REA,8.440273282478461
MFA,IMP,8.440273282478461
MFO,ACC,13.574393988292993
MFO,ACF,3.738095238095238
MFO,ADM,9.292081063122923
MFO,AMO,9.51231915836102
MFO,ARC,13.574393988292993
MFO,BET,16.95874772978959
MFO,BUI,11.214700110741973
MFO,CON,5.124448100847104
MFO,CRE,16.95874772978959
MFO,CRO,2.2857142857142856
MFO,CST,13.574393988292993
MFO,EDU,8.95279534883721
MFO,ELE,5.635879249063968
MFO,EMP,11.214700110741973
MFO,FIN,6.125414396456257
MFO,FIS,2.2857142857142856
MFO,FOR,2.2857142857142856
MFO,HEA,10.915645399495771
MFO,INF,13.277058387385962
MFO,INS,6.125414396456257
MFO,LIB,16.95874772978959
MFO,LIV,2.2857142857142856
MFO,MPA,10.142857142857142
MFO,MAO,10.142857142857142
MFO,MBA,10.142857142857142
MFO,MBE,10.142857142857142
MFO,MCH,10.142857142857142
MFO,MCO,10.142857142857142
MFO,MEL,10.142857142857142
MFO,MFA,10.142857142857142
MFO,MFO,10.142857142857142
MFO,MFU,10.142857142857142
MFO,MIN,4.7722397932816545
MFO,MMA,5.8914285714285715
MFO,MNM,10.142857142857142
MFO,MPH,10.142857142857142
MFO,MRU,10.142857142857142
MFO,MTE,10.142857142857142
MFO,MTO,10.142857142857142
MFO,MTR,10.142857142857142
MFO,MWO,10.142857142857142
MFO,OFS,11.214700110741973
MFO,OPS,9.51231915836102
MFO,POS,9.802557253599113
MFO,PUB,13.277058387385962
MFO,REN,11.214700110741973
MFO,REP,9.51231915836102
MFO,RES,10.915645399495771
MFO,SEC,11.214700110741973
MFO,SOC,10.915645399495771
MFO,SPO,16.95874772978959
MFO,TEL,13.277058387385962
MFO,TRA,11.214700110741973
MFO,TRL,9.802557253599113
MFO,TRR,3.9634551495016614
MFO,TRW,3.9634551495016614
MFO,VET,13.574393988292993
MFO,VID,13.277058387385962
MFO,WAS,5.7682715393134005
MFO,REA,7.965114507198229
MFO,IMP,7.965114507198229
MFU,ACC,11.18623555179069
MFU,ACF,3.0290052985782947
MFU,ADM,6.903922626620623
MFU,AMO,7.124160721858719
MFU,ARC,11.18623555179069
MFU,BET,14.570589293287288
MFU,BUI,8.82654167423967
MFU,CON,1.0
MFU,CRE,14.570589293287288
MFU,CRO,2.9
MFU,CST,11.18623555179069
MFU,EDU,6.564636912334909
MFU,ELE,3.247720812561666
MFU,EMP,8.82654167423967
MFU,FIN,3.737255959953956
MFU,FIS,2.9
MFU,FOR,2.9
MFU,HEA,1.4285714285714286
MFU,INF,10.88889995088366
MFU,INS,3.737255959953956
MFU,LIB,14.570589293287288
MFU,LIV,2.9
MFU,MPA,3.6339285714285716
MFU,MAO,3.6339285714285716
MFU,MBA,3.6339285714285716
MFU,MBE,3.6339285714285716
MFU,MCH,3.6339285714285716
MFU,MCO,3.6339285714285716
MFU,MEL,3.6339285714285716
MFU,MFA,3.6339285714285716
MFU,MFO,3.6339285714285716
MFU,MFU,3.6339285714285716
MFU,MIN,2.3840813567793533
MFU,MMA,3.6079607415485277
MFU,MNM,3.6339285714285716
MFU,MPH,3.6339285714285716
MFU,MRU,3.6339285714285716
MFU,MTE,3.6339285714285716
MFU,MTO,3.6339285714285716
MFU,MTR,3.6339285714285716
MFU,MWO,3.6339285714285716
MFU,OFS,8.82654167423967
MFU,OPS,7.124160721858719
MFU,POS,7.414398817096812
MFU,PUB,10.88889995088366
MFU,REN,8.82654167423967
MFU,REP,7.124160721858719
MFU,RES,1.4285714285714286
MFU,SEC,8.82654167423967
MFU,SOC,1.4285714285714286
MFU,SPO,14.570589293287288
MFU,TEL,10.88889995088366
MFU,TRA,8.82654167423967
MFU,TRL,7.414398817096812
MFU,TRR,3.5079365079365084
MFU,TRW,3.5079365079365084
MFU,VET,11.18623555179069
MFU,VID,10.88889995088366
MFU,WAS,3.380113102811099
MFU,REA,3.1887976341936266
MFU,IMP,3.1887976341936266
MMA,ACC,16.738465135999775
MMA,ACF,8.58123488278738
MMA,ADM,12.456152210829705
MMA,AMO,12.676390306067804
MMA,ARC,16.738465135999775
MMA,BET,20.122818877496375
MMA,BUI,14.378771258448754
MMA,CON,1.0
MMA,CRE,20.122818877496375
MMA,CRO,9.563577342536524
MMA,CST,16.738465135999775
MMA,EDU,7.142857142857143
MMA,ELE,2.857142857142857
MMA,EMP,14.378771258448754
MMA,FIN,9.28948554416304
MMA,FIS,9.563577342536524
MMA,FOR,9.563577342536524
MMA,HEA,14.079716547202553
MMA,INF,16.441129535092745
MMA,INS,9.28948554416304
MMA,LIB,20.122818877496375
MMA,LIV,9.563577342536524
MMA,MPA,17.714285714285715
MMA,MAO,17.714285714285715
MMA,MBA,17.714285714285715
MMA,MBE,17.714285714285715
MMA,MCH,17.714285714285715
MMA,MCO,17.714285714285715
MMA,MEL,17.714285714285715
MMA,MFA,17.714285714285715
MMA,MFO,17.714285714285715
MMA,MFU,17.714285714285715
MMA,MIN,7.936310940988437
MMA,MMA,6.66504144319844
MMA,MNM,17.714285714285715
MMA,MPH,17.714285714285715
MMA,MRU,17.714285714285715
MMA,MTE,17.714285714285715
MMA,MTO,17.714285714285715
MMA,MTR,17.714285714285715
MMA,MWO,17.714285714285715
MMA,OFS,14.378771258448754
MMA,OPS,12.676390306067804
MMA,POS,12.966628401305897
MMA,PUB,16.441129535092745
MMA,REN,14.378771258448754
MMA,REP,12.676390306067804
MMA,RES,14.079716547202553
MMA,SEC,14.378771258448754
MMA,SOC,14.079716547202553
MMA,SPO,20.122818877496375
MMA,TEL,16.441129535092745
MMA,TRA,14.378771258448754
MMA,TRL,12.966628401305897
MMA,TRR,4.968503937007874
MMA,TRW,4.968503937007874
MMA,VET,16.738465135999775
MMA,VID,16.441129535092745
MMA,WAS,8.932342687020183
MMA,REA,14.293256802611795
MMA,IMP,14.293256802611795
MNM,ACC,52.142857142857146
MNM,ACF,4.285714285714286
MNM,ADM,10.370846283889763
MNM,AMO,10.59108437912786
MNM,ARC,52.142857142857146
MNM,BET,18.03751295055643
MNM,BUI,12.293465331508811
MNM,CON,4.952380952380952
MNM,CRE,18.03751295055643
MNM,CRO,0.42857142857142855
MNM,CST,52.142857142857146
MNM,EDU,10.03156056960405
MNM,ELE,0.42857142857142855
MNM,EMP,12.293465331508811
MNM,FIN,7.204179617223097
MNM,FIS,0.42857142857142855
MNM,FOR,0.42857142857142855
MNM,HEA,22.285714285714285
MNM,INF,14.355823608152804
MNM,INS,7.204179617223097
MNM,LIB,18.03751295055643
MNM,LIV,0.42857142857142855
MNM,MPA,3.8051948051948052
MNM,MAO,3.8051948051948052
MNM,MBA,3.8051948051948052
MNM,MBE,3.8051948051948052
MNM,MCH,3.8051948051948052
MNM,MCO,3.8051948051948052
MNM,MEL,3.8051948051948052
MNM,MFA,3.8051948051948052
MNM,MFO,3.8051948051948052
MNM,MFU,3.8051948051948052
MNM,MIN,1.2063492063492063
MNM,MMA,4.341614906832298
MNM,MNM,3.8051948051948052
MNM,MPH,3.8051948051948052
MNM,MRU,3.8051948051948052
MNM,MTE,3.8051948051948052
MNM,MTO,3.8051948051948052
MNM,MTR,3.8051948051948052
MNM,MWO,3.8051948051948052
MNM,OFS,12.293465331508811
MNM,OPS,10.59108437912786
MNM,POS,0.14285714285714285
MNM,PUB,14.355823608152804
MNM,REN,12.293465331508811
MNM,REP,10.59108437912786
MNM,RES,22.285714285714285
MNM,SEC,12.293465331508811
MNM,SOC,22.285714285714285
MNM,SPO,18.03751295055643
MNM,TEL,14.355823608152804
MNM,TRA,12.293465331508811
MNM,TRL,0.14285714285714285
MNM,TRR,8.603174603174603
MNM,TRW,8.603174603174603
MNM,VET,52.142857142857146
MNM,VID,14.355823608152804
MNM,WAS,6.847036760080241
MNM,REA,10.122644948731908
MNM,IMP,10.122644948731908
MRU,ACC,10.547879692535398
MRU,ACF,2.3906494393230013
MRU,ADM,6.265566767365328
MRU,AMO,6.485804862603424
MRU,ARC,10.547879692535398
MRU,BET,13.932233434031996
MRU,BUI,8.188185814984376
MRU,CON,2.0979338050895096
MRU,CRE,13.932233434031996
MRU,CRO,0.42857142857142855
MRU,CST,10.547879692535398
MRU,EDU,5.926281053079614
MRU,ELE,0.7142857142857143
MRU,EMP,8.188185814984376
MRU,FIN,3.098900100698662
MRU,FIS,0.42857142857142855
MRU,FOR,0.42857142857142855
MRU,HEA,7.889131103738175
MRU,INF,10.250544091628369
MRU,INS,3.098900100698662
MRU,LIB,13.932233434031996
MRU,LIV,0.42857142857142855
MRU,MPA,2.2063492063492065
MRU,MAO,2.2063492063492065
MRU,MBA,2.2063492063492065
MRU,MBE,2.2063492063492065
MRU,MCH,2.2063492063492065
MRU,MCO,2.2063492063492065
MRU,MEL,2.2063492063492065
MRU,MFA,2.2063492063492065
MRU,MFO,2.2063492063492065
MRU,MFU,2.2063492063492065
MRU,MIN,1.745725497524059
MRU,MMA,2.3751284686536485
MRU,MNM,2.2063492063492065
MRU,MPH,2.2063492063492065
MRU,MRU,2.2063492063492065
MRU,MTE,2.2063492063492065
MRU,MTO,2.2063492063492065
MRU,MTR,2.2063492063492065
MRU,MWO,2.2063492063492065
MRU,OFS,8.188185814984376
MRU,OPS,6.485804862603424
MRU,POS,6.776042957841518
MRU,PUB,10.250544091628369
MRU,REN,8.188185814984376
MRU,REP,6.485804862603424
MRU,RES,7.889131103738175
MRU,SEC,8.188185814984376
MRU,SOC,7.889131103738175
MRU,SPO,13.932233434031996
MRU,TEL,10.250544091628369
MRU,TRA,8.188185814984376
MRU,TRL,6.776042957841518
MRU,TRR,3.272727272727273
MRU,TRW,3.272727272727273
MRU,VET,10.547879692535398
MRU,VID,10.250544091628369
MRU,WAS,0.8571428571428571
MRU,REA,1.9120859156830388
MRU,IMP,1.9120859156830388
MTE,ACC,16.221114319853818
MTE,ACF,8.063884066641421
MTE,ADM,11.938801394683749
MTE,AMO,12.159039489921843
MTE,ARC,16.221114319853818
MTE,BET,19.605468061350415
MTE,BUI,13.861420442302798
MTE,CON,7.771168432407928
MTE,CRE,19.605468061350415
MTE,CRO,4.285714285714286
MTE,CST,16.221114319853818
MTE,EDU,11.599515680398033
MTE,ELE,8.282599580624792
MTE,EMP,13.861420442302798
MTE,FIN,8.772134728017082
MTE,FIS,4.285714285714286
MTE,FOR,4.285714285714286
MTE,HEA,13.562365731056596
MTE,INF,52.142857142857146
MTE,INS,8.772134728017082
MTE,LIB,19.605468061350415
MTE,LIV,4.285714285714286
MTE,MPA,7.616883116883117
MTE,MAO,7.616883116883117
MTE,MBA,7.616883116883117
MTE,MBE,7.616883116883117
MTE,MCH,7.616883116883117
MTE,MCO,7.616883116883117
MTE,MEL,7.616883116883117
MTE,MFA,7.616883116883117
MTE,MFO,7.616883116883117
MTE,MFU,7.616883116883117
MTE,MIN,7.418960124842479
MTE,MMA,6.59502262443439
MTE,MNM,7.616883116883117
MTE,MPH,7.616883116883117
MTE,MRU,7.616883116883117
MTE,MTE,7.616883116883117
MTE,MTO,7.616883116883117
MTE,MTR,7.616883116883117
MTE,MWO,7.616883116883117
MTE,OFS,13.861420442302798
MTE,OPS,12.159039489921843
MTE,POS,12.449277585159937
MTE,PUB,52.142857142857146
MTE,REN,13.861420442302798
MTE,REP,12.159039489921843
MTE,RES,13.562365731056596
MTE,SEC,13.861420442302798
MTE,SOC,13.562365731056596
MTE,SPO,19.605468061350415
MTE,TEL,52.142857142857146
MTE,TRA,13.861420442302798
MTE,TRL,12.449277585159937
MTE,TRR,4.721611721611722
MTE,TRW,4.721611721611722
MTE,VET,16.221114319853818
MTE,VID,52.142857142857146
MTE,WAS,8.414991870874225
MTE,REA,13.258555170319879
MTE,IMP,13.258555170319879
MWO,ACC,11.170918367346939
MWO,ACF,3.013688114134543
MWO,ADM,6.88860544217687
MWO,AMO,7.108843537414967
MWO,ARC,11.170918367346939
MWO,BET,14.555272108843537
MWO,BUI,8.811224489795919
MWO,CON,2.720972479901051
MWO,CRE,14.555272108843537
MWO,CRO,3.3035714285714284
MWO,CST,11.170918367346939
MWO,EDU,6.549319727891157
MWO,ELE,3.232403628117914
MWO,EMP,8.811224489795919
MWO,FIN,3.7219387755102042
MWO,FIS,3.3035714285714284
MWO,FOR,3.3035714285714284
MWO,HEA,8.512169778549717
MWO,INF,10.87358276643991
MWO,INS,3.7219387755102042
MWO,LIB,14.555272108843537
MWO,LIV,3.3035714285714284
MWO,MPA,5.722398587193813
MWO,MAO,5.722398587193813
MWO,MBA,5.722398587193813
MWO,MBE,5.722398587193813
MWO,MCH,5.722398587193813
MWO,MCO,5.722398587193813
MWO,MEL,5.722398587193813
MWO,MFA,5.722398587193813
MWO,MFO,5.722398587193813
MWO,MFU,5.722398587193813
MWO,MIN,2.368764172335601
MWO,MMA,2.9642857142857144
MWO,MNM,5.722398587193813
MWO,MPH,5.722398587193813
MWO,MRU,5.722398587193813
MWO,MTE,5.722398587193813
MWO,MTO,5.722398587193813
MWO,MTR,5.722398587193813
MWO,MWO,5.722398587193813
MWO,OFS,8.811224489795919
MWO,OPS,7.108843537414967
MWO,POS,7.39908163265306
MWO,PUB,10.87358276643991
MWO,REN,8.811224489795919
MWO,REP,7.108843537414967
MWO,RES,8.512169778549717
MWO,SEC,8.811224489795919
MWO,SOC,8.512169778549717
MWO,SPO,14.555272108843537
MWO,TEL,10.87358276643991
MWO,TRA,8.811224489795919
MWO,TRL,7.39908163265306
MWO,TRR,2.9642857142857144
MWO,TRW,2.9642857142857144
MWO,VET,11.170918367346939
MWO,VID,10.87358276643991
MWO,WAS,3.364795918367347
MWO,REA,3.1581632653061225
MWO,IMP,3.1581632653061225
OFS,ACC,12.452947845804987
OFS,ACF,4.295717592592593
OFS,ADM,8.170634920634921
OFS,AMO,8.390873015873016
OFS,ARC,12.452947845804987
OFS,BET,15.837301587301585
OFS,BUI,10.093253968253967
OFS,CON,4.003001958359101
OFS,CRE,15.837301587301585
OFS,CRO,5.278060052341738
OFS,CST,12.452947845804987
OFS,EDU,7.8313492063492065
OFS,ELE,4.5144331065759635
OFS,EMP,10.093253968253967
OFS,FIN,5.003968253968253
OFS,FIS,5.278060052341738
OFS,FOR,5.278060052341738
OFS,HEA,9.794199257007767
OFS,INF,19.285714285714285
OFS,INS,5.003968253968253
OFS,LIB,15.837301587301585
OFS,LIV,5.278060052341738
OFS,MPA,2.857142857142857
OFS,MAO,2.857142857142857
OFS,MBA,2.857142857142857
OFS,MBE,2.857142857142857
OFS,MCH,2.857142857142857
OFS,MCO,2.857142857142857
OFS,MEL,2.857142857142857
OFS,MFA,2.857142857142857
OFS,MFO,2.857142857142857
OFS,MFU,2.857142857142857
OFS,MIN,3.6507936507936507
OFS,MMA,3.0476190476190474
OFS,MNM,2.857142857142857
OFS,MPH,2.857142857142857
OFS,MRU,2.857142857142857
OFS,MTE,2.857142857142857
OFS,MTO,2.857142857142857
OFS,MTR,2.857142857142857
OFS,MWO,2.857142857142857
OFS,OFS,10.093253968253967
OFS,OPS,8.390873015873016
OFS,POS,8.68111111111111
OFS,PUB,19.285714285714285
OFS,REN,10.093253968253967
OFS,REP,8.390873015873016
OFS,RES,9.794199257007767
OFS,SEC,10.093253968253967
OFS,SOC,9.794199257007767
OFS,SPO,15.837301587301585
OFS,TEL,19.285714285714285
OFS,TRA,10.093253968253967
OFS,TRL,8.68111111111111
OFS,TRR,4.285714285714286
OFS,TRW,4.285714285714286
OFS,VET,12.452947845804987
OFS,VID,19.285714285714285
OFS,WAS,4.646825396825396
OFS,REA,5.722222222222221
OFS,IMP,5.722222222222221
OPS,ACC,10.278888187577436
OPS,ACF,1.0
OPS,ADM,5.996575262407368
OPS,AMO,6.216813357645464
OPS,ARC,10.278888187577436
OPS,BET,13.663241929074035
OPS,BUI,7.919194310026415
OPS,CON,1.8289423001315492
OPS,CRE,13.663241929074035
OPS,CRO,3.1040003941141867
OPS,CST,10.278888187577436
OPS,EDU,5.657289548121653
OPS,ELE,2.3403734483484118
OPS,EMP,7.919194310026415
OPS,FIN,2.8299085957407017
OPS,FIS,3.1040003941141867
OPS,FOR,3.1040003941141867
OPS,HEA,7.620139598780215
OPS,INF,9.981552586670407
OPS,INS,2.8299085957407017
OPS,LIB,13.663241929074035
OPS,LIV,3.1040003941141867
OPS,MPA,0.8571428571428571
OPS,MAO,0.8571428571428571
OPS,MBA,0.8571428571428571
OPS,MBE,0.8571428571428571
OPS,MCH,0.8571428571428571
OPS,MCO,0.8571428571428571
OPS,MEL,0.8571428571428571
OPS,MFA,0.8571428571428571
OPS,MFO,0.8571428571428571
OPS,MFU,0.8571428571428571
OPS,MIN,1.4767339925660985
OPS,MMA,4.094256259204713
OPS,MNM,0.8571428571428571
OPS,MPH,0.8571428571428571
OPS,MRU,0.8571428571428571
OPS,MTE,0.8571428571428571
OPS,MTO,0.8571428571428571
OPS,MTR,0.8571428571428571
OPS,MWO,0.8571428571428571
OPS,OFS,7.919194310026415
OPS,OPS,6.216813357645464
OPS,POS,6.507051452883558
OPS,PUB,9.981552586670407
OPS,REN,7.919194310026415
OPS,REP,6.216813357645464
OPS,RES,7.620139598780215
OPS,SEC,7.919194310026415
OPS,SOC,7.620139598780215
OPS,SPO,13.663241929074035
OPS,TEL,9.981552586670407
OPS,TRA,7.919194310026415
OPS,TRL,6.507051452883558
OPS,TRR,4.595238095238095
OPS,TRW,4.595238095238095
OPS,VET,10.278888187577436
OPS,VID,9.981552586670407
OPS,WAS,2.4727657385978445
OPS,REA,1.3741029057671177
OPS,IMP,1.3741029057671177
POS,ACC,12.266565885613504
POS,ACF,4.109335632401108
POS,ADM,4.285714285714286
POS,AMO,8.204491055681531
POS,ARC,12.266565885613504
POS,BET,15.650919627110103
POS,BUI,9.906872008062484
POS,CON,3.816619998167617
POS,CRE,15.650919627110103
POS,CRO,5.0916780921502545
POS,CST,12.266565885613504
POS,EDU,7.644967246157721
POS,ELE,2.761904761904762
POS,EMP,9.906872008062484
POS,FIN,4.81758629377677
POS,FIS,5.0916780921502545
POS,FOR,5.0916780921502545
POS,HEA,9.607817296816282
POS,INF,11.142857142857142
POS,INS,4.81758629377677
POS,LIB,15.650919627110103
POS,LIV,5.0916780921502545
POS,MPA,4.285714285714286
POS,MAO,4.285714285714286
POS,MBA,4.285714285714286
POS,MBE,4.285714285714286
POS,MCH,4.285714285714286
POS,MCO,4.285714285714286
POS,MEL,4.285714285714286
POS,MFA,4.285714285714286
POS,MFO,4.285714285714286
POS,MFU,4.285714285714286
POS,MIN,3.4644116906021667
POS,MMA,5.1020408163265305
POS,MNM,4.285714285714286
POS,MPH,4.285714285714286
POS,MRU,4.285714285714286
POS,MTE,4.285714285714286
POS,MTO,4.285714285714286
POS,MTR,4.285714285714286
POS,MWO,4.285714285714286
POS,OFS,9.906872008062484
POS,OPS,8.204491055681531
POS,POS,8.494729150919627
POS,PUB,11.142857142857142
POS,REN,9.906872008062484
POS,REP,8.204491055681531
POS,RES,9.607817296816282
POS,SEC,9.906872008062484
POS,SOC,9.607817296816282
POS,SPO,15.650919627110103
POS,TEL,11.142857142857142
POS,TRA,9.906872008062484
POS,TRL,8.494729150919627
POS,TRR,6.428571428571429
POS,TRW,6.428571428571429
POS,VET,12.266565885613504
POS,VID,11.142857142857142
POS,WAS,2.0
POS,REA,5.349458301839254
POS,IMP,5.349458301839254
PUB,ACC,17.285714285714285
PUB,ACF,15.229844576719575
PUB,ADM,19.104761904761904
PUB,AMO,19.325
PUB,ARC,17.285714285714285
PUB,BET,26.77142857142857
PUB,BUI,21.027380952380952
PUB,CON,14.937128942486085
PUB,CRE,26.77142857142857
PUB,CRO,16.212187036468723
PUB,CST,17.285714285714285
PUB,EDU,18.76547619047619
PUB,ELE,15.448560090702946
PUB,EMP,21.027380952380952
PUB,FIN,15.938095238095238
PUB,FIS,16.212187036468723
PUB,FOR,16.212187036468723
PUB,HEA,20.72832624113475
PUB,INF,52.142857142857146
PUB,INS,15.938095238095238
PUB,LIB,26.77142857142857
PUB,LIV,16.212187036468723
PUB,MPA,22.285714285714285
PUB,MAO,22.285714285714285
PUB,MBA,22.285714285714285
PUB,MBE,22.285714285714285
PUB,MCH,22.285714285714285
PUB,MCO,22.285714285714285
PUB,MEL,22.285714285714285
PUB,MFA,22.285714285714285
PUB,MFO,22.285714285714285
PUB,MFU,22.285714285714285
PUB,MIN,14.584920634920634
PUB,MMA,22.285714285714285
PUB,MNM,22.285714285714285
PUB,MPH,22.285714285714285
PUB,MRU,22.285714285714285
PUB,MTE,22.285714285714285
PUB,MTO,22.285714285714285
PUB,MTR,22.285714285714285
PUB,MWO,22.285714285714285
PUB,OFS,21.027380952380952
PUB,OPS,19.325
PUB,POS,52.142857142857146
PUB,PUB,52.142857142857146
PUB,REN,21.027380952380952
PUB,REP,19.325
PUB,RES,20.72832624113475
PUB,SEC,21.027380952380952
PUB,SOC,20.72832624113475
PUB,SPO,26.77142857142857
PUB,TEL,52.142857142857146
PUB,TRA,21.027380952380952
PUB,TRL,52.142857142857146
PUB,TRR,22.285714285714285
PUB,TRW,22.285714285714285
PUB,VET,17.285714285714285
PUB,VID,52.142857142857146
PUB,WAS,15.58095238095238
PUB,REA,27.59047619047619
PUB,IMP,27.59047619047619
REA,ACC,17.645772594752184
REA,ACF,9.488542341539793
REA,ADM,13.363459669582118
REA,AMO,13.583697764820215
REA,ARC,17.645772594752184
REA,BET,21.030126336248788
REA,BUI,15.286078717201166
REA,CON,4.285714285714286
REA,CRE,21.030126336248788
REA,CRO,10.470884801288937
REA,CST,17.645772594752184
REA,EDU,13.024173955296405
REA,ELE,9.707257855523164
REA,EMP,15.286078717201166
REA,FIN,10.196793002915452
REA,FIS,10.470884801288937
REA,FOR,10.470884801288937
REA,HEA,14.987024005954966
REA,INF,17.34843699384516
REA,INS,10.196793002915452
REA,LIB,21.030126336248788
REA,LIV,10.470884801288937
REA,MPA,17.142857142857142
REA,MAO,17.142857142857142
REA,MBA,17.142857142857142
REA,MBE,17.142857142857142
REA,MCH,17.142857142857142
REA,MCO,17.142857142857142
REA,MEL,17.142857142857142
REA,MFA,17.142857142857142
REA,MFO,17.142857142857142
REA,MFU,17.142857142857142
REA,MIN,8.84361839974085
REA,MMA,16.836734693877553
REA,MNM,17.142857142857142
REA,MPH,17.142857142857142
REA,MRU,17.142857142857142
REA,MTE,17.142857142857142
REA,MTO,17.142857142857142
REA,MTR,17.142857142857142
REA,MWO,17.142857142857142
REA,OFS,15.286078717201166
REA,OPS,13.583697764820215
REA,POS,13.87393586005831
REA,PUB,17.34843699384516
REA,REN,15.286078717201166
REA,REP,13.583697764820215
REA,RES,14.987024005954966
REA,SEC,15.286078717201166
REA,SOC,14.987024005954966
REA,SPO,21.030126336248788
REA,TEL,17.34843699384516
REA,TRA,15.286078717201166
REA,TRL,13.87393586005831
REA,TRR,12.857142857142858
REA,TRW,12.857142857142858
REA,VET,17.645772594752184
REA,VID,17.34843699384516
REA,WAS,9.839650145772595
REA,REA,16.10787172011662
REA,IMP,16.10787172011662
REN,ACC,13.863265306122447
REN,ACF,5.706035052910052
REN,ADM,9.58095238095238
REN,AMO,9.801190476190476
REN,ARC,13.863265306122447
REN,BET,12.857142857142858
REN,BUI,11.503571428571428
REN,CON,5.4133194186765605
REN,CRE,12.857142857142858
REN,CRO,6.688377512659199
REN,CST,13.863265306122447
REN,EDU,9.241666666666665
REN,ELE,3.4285714285714284
REN,EMP,11.503571428571428
REN,FIN,6.414285714285713
REN,FIS,6.688377512659199
REN,FOR,6.688377512659199
REN,HEA,11.204516717325228
REN,INF,13.565929705215419
REN,INS,6.414285714285713
REN,LIB,12.857142857142858
REN,LIV,6.688377512659199
REN,MPA,8.414745525969321
REN,MAO,8.414745525969321
REN,MBA,8.414745525969321
REN,MBE,8.414745525969321
REN,MCH,8.414745525969321
REN,MCO,8.414745525969321
REN,MEL,8.414745525969321
REN,MFA,8.414745525969321
REN,MFO,8.414745525969321
REN,MFU,8.414745525969321
REN,MIN,5.06111111111111
REN,MMA,6.2
REN,MNM,8.414745525969321
REN,MPH,8.414745525969321
REN,MRU,8.414745525969321
REN,MTE,8.414745525969321
REN,MTO,8.414745525969321
REN,MTR,8.414745525969321
REN,MWO,8.414745525969321
REN,OFS,11.503571428571428
REN,OPS,9.801190476190476
REN,POS,10.091428571428569
REN,PUB,13.565929705215419
REN,REN,11.503571428571428
REN,REP,9.801190476190476
REN,RES,11.204516717325228
REN,SEC,11.503571428571428
REN,SOC,11.204516717325228
REN,SPO,12.857142857142858
REN,TEL,13.565929705215419
REN,TRA,11.503571428571428
REN,TRL,10.091428571428569
REN,TRR,6.2
REN,TRW,6.2
REN,VET,13.863265306122447
REN,VID,13.565929705215419
REN,WAS,3.4285714285714284
REN,REA,8.542857142857141
REN,IMP,8.542857142857141
REP,ACC,10.85612244897959
REP,ACF,2.6988921957671965
REP,ADM,6.5738095238095235
REP,AMO,6.794047619047619
REP,ARC,10.85612244897959
REP,BET,14.24047619047619
REP,BUI,8.496428571428572
REP,CON,2.4061765615337047
REP,CRE,14.24047619047619
REP,CRO,3.681234655516342
REP,CST,10.85612244897959
REP,EDU,6.234523809523809
REP,ELE,2.917607709750567
REP,EMP,8.496428571428572
REP,FIN,3.4071428571428575
REP,FIS,3.681234655516342
REP,FOR,3.681234655516342
REP,HEA,8.19737386018237
REP,INF,10.558786848072563
REP,INS,3.4071428571428575
REP,LIB,14.24047619047619
REP,LIV,3.681234655516342
REP,MPA,5.407602668826465
REP,MAO,5.407602668826465
REP,MBA,5.407602668826465
REP,MBE,5.407602668826465
REP,MCH,5.407602668826465
REP,MCO,5.407602668826465
REP,MEL,5.407602668826465
REP,MFA,5.407602668826465
REP,MFO,5.407602668826465
REP,MFU,5.407602668826465
REP,MIN,0.42857142857142855
REP,MMA,3.2285714285714286
REP,MNM,5.407602668826465
REP,MPH,5.407602668826465
REP,MRU,5.407602668826465
REP,MTE,5.407602668826465
REP,MTO,5.407602668826465
REP,MTR,5.407602668826465
REP,MWO,5.407602668826465
REP,OFS,8.496428571428572
REP,OPS,6.794047619047619
REP,POS,7.084285714285714
REP,PUB,10.558786848072563
REP,REN,8.496428571428572
REP,REP,6.794047619047619
REP,RES,8.19737386018237
REP,SEC,8.496428571428572
REP,SOC,8.19737386018237
REP,SPO,14.24047619047619
REP,TEL,10.558786848072563
REP,TRA,8.496428571428572
REP,TRL,7.084285714285714
REP,TRR,3.2285714285714286
REP,TRW,3.2285714285714286
REP,VET,10.85612244897959
REP,VID,10.558786848072563
REP,WAS,3.0500000000000003
REP,REA,2.528571428571429
REP,IMP,2.528571428571429
SEC,ACC,2.142857142857143
SEC,ACF,9.545730998856
SEC,ADM,13.420648326898327
SEC,AMO,1.0
SEC,ARC,2.142857142857143
SEC,BET,52.142857142857146
SEC,BUI,15.343267374517373
SEC,CON,4.285714285714286
SEC,CRE,52.142857142857146
SEC,CRO,10.528073458605146
SEC,CST,2.142857142857143
SEC,EDU,13.081362612612612
SEC,ELE,9.76444651283937
SEC,EMP,15.343267374517373
SEC,FIN,10.25398166023166
SEC,FIS,10.528073458605146
SEC,FOR,10.528073458605146
SEC,HEA,15.044212663271173
SEC,INF,17.405625651161365
SEC,INS,10.25398166023166
SEC,LIB,52.142857142857146
SEC,LIV,10.528073458605146
SEC,MPA,12.254441471915268
SEC,MAO,12.254441471915268
SEC,MBA,12.254441471915268
SEC,MBE,12.254441471915268
SEC,MCH,12.254441471915268
SEC,MCO,12.254441471915268
SEC,MEL,12.254441471915268
SEC,MFA,12.254441471915268
SEC,MFO,12.254441471915268
SEC,MFU,12.254441471915268
SEC,MIN,0.2857142857142857
SEC,MMA,11.613899613899614
SEC,MNM,12.254441471915268
SEC,MPH,12.254441471915268
SEC,MRU,12.254441471915268
SEC,MTE,12.254441471915268
SEC,MTO,12.254441471915268
SEC,MTR,12.254441471915268
SEC,MWO,12.254441471915268
SEC,OFS,15.343267374517373
SEC,OPS,1.0
SEC,POS,13.931124517374517
SEC,PUB,17.405625651161365
SEC,REN,15.343267374517373
SEC,REP,1.0
SEC,RES,15.044212663271173
SEC,SEC,15.343267374517373
SEC,SOC,15.044212663271173
SEC,SPO,52.142857142857146
SEC,TEL,17.405625651161365
SEC,TRA,15.343267374517373
SEC,TRL,13.931124517374517
SEC,TRR,11.613899613899614
SEC,TRW,11.613899613899614
SEC,VET,2.142857142857143
SEC,VID,17.405625651161365
SEC,WAS,9.896838803088801
SEC,REA,16.222249034749034
SEC,IMP,16.222249034749034
SPO,ACC,11.820408163265304
SPO,ACF,3.66317791005291
SPO,ADM,7.538095238095238
SPO,AMO,7.758333333333334
SPO,ARC,11.820408163265304
SPO,BET,15.204761904761904
SPO,BUI,9.460714285714285
SPO,CON,3.3704622758194183
SPO,CRE,15.204761904761904
SPO,CRO,4.645520369802056
SPO,CST,11.820408163265304
SPO,EDU,7.1988095238095235
SPO,ELE,3.881893424036281
SPO,EMP,9.460714285714285
SPO,FIN,4.371428571428572
SPO,FIS,4.645520369802056
SPO,FOR,4.645520369802056
SPO,HEA,9.161659574468086
SPO,INF,11.523072562358276
SPO,INS,4.371428571428572
SPO,LIB,15.204761904761904
SPO,LIV,4.645520369802056
SPO,MPA,6.3718883831121795
SPO,MAO,6.3718883831121795
SPO,MBA,6.3718883831121795
SPO,MBE,6.3718883831121795
SPO,MCH,6.3718883831121795
SPO,MCO,6.3718883831121795
SPO,MEL,6.3718883831121795
SPO,MFA,6.3718883831121795
SPO,MFO,6.3718883831121795
SPO,MFU,6.3718883831121795
SPO,MIN,3.018253968253968
SPO,MMA,4.457142857142857
SPO,MNM,6.3718883831121795
SPO,MPH,6.3718883831121795
SPO,MRU,6.3718883831121795
SPO,MTE,6.3718883831121795
SPO,MTO,6.3718883831121795
SPO,MTR,6.3718883831121795
SPO,MWO,6.3718883831121795
SPO,OFS,9.460714285714285
SPO,OPS,7.758333333333334
SPO,POS,8.048571428571428
SPO,PUB,11.523072562358276
SPO,REN,9.460714285714285
SPO,REP,7.758333333333334
SPO,RES,9.161659574468086
SPO,SEC,9.460714285714285
SPO,SOC,9.161659574468086
SPO,SPO,15.204761904761904
SPO,TEL,11.523072562358276
SPO,TRA,9.460714285714285
SPO,TRL,8.048571428571428
SPO,TRR,4.457142857142857
SPO,TRW,4.457142857142857
SPO,VET,11.820408163265304
SPO,VID,11.523072562358276
SPO,WAS,4.014285714285714
SPO,REA,4.457142857142857
SPO,IMP,4.457142857142857
TRA,ACC,52.142857142857146
TRA,ACF,4.285714285714286
TRA,ADM,15.067216117216118
TRA,AMO,15.287454212454211
TRA,ARC,52.142857142857146
TRA,BET,22.733882783882784
TRA,BUI,16.989835164835164
TRA,CON,10.899583154940299
TRA,CRE,22.733882783882784
TRA,CRO,12.174641248922935
TRA,CST,52.142857142857146
TRA,EDU,14.727930402930403
TRA,ELE,7.485714285714286
TRA,EMP,16.989835164835164
TRA,FIN,11.90054945054945
TRA,FIS,12.174641248922935
TRA,FOR,12.174641248922935
TRA,HEA,16.690780453588964
TRA,INF,4.285714285714286
TRA,INS,11.90054945054945
TRA,LIB,22.733882783882784
TRA,LIV,12.174641248922935
TRA,MPA,13.901009262233059
TRA,MAO,13.901009262233059
TRA,MBA,13.901009262233059
TRA,MBE,13.901009262233059
TRA,MCH,13.901009262233059
TRA,MCO,13.901009262233059
TRA,MEL,13.901009262233059
TRA,MFA,13.901009262233059
TRA,MFO,13.901009262233059
TRA,MFU,13.901009262233059
TRA,MIN,10.547374847374845
TRA,MMA,5.404761904761905
TRA,MNM,13.901009262233059
TRA,MPH,13.901009262233059
TRA,MRU,13.901009262233059
TRA,MTE,13.901009262233059
TRA,MTO,13.901009262233059
TRA,MTR,13.901009262233059
TRA,MWO,13.901009262233059
TRA,OFS,16.989835164835164
TRA,OPS,15.287454212454211
TRA,POS,15.577692307692306
TRA,PUB,4.285714285714286
TRA,REN,16.989835164835164
TRA,REP,15.287454212454211
TRA,RES,16.690780453588964
TRA,SEC,16.989835164835164
TRA,SOC,16.690780453588964
TRA,SPO,22.733882783882784
TRA,TEL,4.285714285714286
TRA,TRA,16.989835164835164
TRA,TRL,15.577692307692306
TRA,TRR,5.404761904761905
TRA,TRW,5.404761904761905
TRA,VET,52.142857142857146
TRA,VID,4.285714285714286
TRA,WAS,11.543406593406592
TRA,REA,19.515384615384615
TRA,IMP,19.515384615384615
TRL,ACC,14.198356199005548
TRL,ACF,0.14285714285714285
TRL,ADM,9.916043273835482
TRL,AMO,0.38095238095238093
TRL,ARC,14.198356199005548
TRL,BET,17.58270994050215
TRL,BUI,11.83866232145453
TRL,CON,5.748410311559662
TRL,CRE,17.58270994050215
TRL,CRO,2.142857142857143
TRL,CST,14.198356199005548
TRL,EDU,9.576757559549767
TRL,ELE,7.959183673469388
TRL,EMP,11.83866232145453
TRL,FIN,6.749376607168815
TRL,FIS,2.142857142857143
TRL,FOR,2.142857142857143
TRL,HEA,11.53960761020833
TRL,INF,16.03174603174603
TRL,INS,6.749376607168815
TRL,LIB,17.58270994050215
TRL,LIV,2.142857142857143
TRL,MPA,13.714285714285714
TRL,MAO,13.714285714285714
TRL,MBA,13.714285714285714
TRL,MBE,13.714285714285714
TRL,MCH,13.714285714285714
TRL,MCO,13.714285714285714
TRL,MEL,13.714285714285714
TRL,MFA,13.714285714285714
TRL,MFO,13.714285714285714
TRL,MFU,13.714285714285714
TRL,MIN,1.0
TRL,MMA,9.386068476977568
TRL,MNM,13.714285714285714
TRL,MPH,13.714285714285714
TRL,MRU,13.714285714285714
TRL,MTE,13.714285714285714
TRL,MTO,13.714285714285714
TRL,MTR,13.714285714285714
TRL,MWO,13.714285714285714
TRL,OFS,11.83866232145453
TRL,OPS,0.38095238095238093
TRL,POS,1.2
TRL,PUB,16.03174603174603
TRL,REN,11.83866232145453
TRL,REP,0.38095238095238093
TRL,RES,11.53960761020833
TRL,SEC,11.83866232145453
TRL,SOC,11.53960761020833
TRL,SPO,17.58270994050215
TRL,TEL,16.03174603174603
TRL,TRA,11.83866232145453
TRL,TRL,1.2
TRL,TRR,4.362244897959184
TRL,TRW,4.362244897959184
TRL,VET,14.198356199005548
TRL,VID,16.03174603174603
TRL,WAS,4.285714285714286
TRL,REA,9.213038928623345
TRL,IMP,9.213038928623345
TRR,ACC,6.0
TRR,ACF,2.142857142857143
TRR,ADM,8.314020882086833
TRR,AMO,8.534258977324928
TRR,ARC,6.0
TRR,BET,12.857142857142858
TRR,BUI,10.236639929705879
TRR,CON,3.5918367346938775
TRR,CRE,12.857142857142858
TRR,CRO,3.481203007518797
TRR,CST,6.0
TRR,EDU,2.4285714285714284
TRR,ELE,2.6785714285714284
TRR,EMP,10.236639929705879
TRR,FIN,5.147354215420165
TRR,FIS,3.481203007518797
TRR,FOR,3.481203007518797
TRR,HEA,4.268571428571429
TRR,INF,4.785714285714286
TRR,INS,5.147354215420165
TRR,LIB,12.857142857142858
TRR,LIV,3.481203007518797
TRR,MPA,6.693581780538302
TRR,MAO,6.693581780538302
TRR,MBA,6.693581780538302
TRR,MBE,6.693581780538302
TRR,MCH,6.693581780538302
TRR,MCO,6.693581780538302
TRR,MEL,6.693581780538302
TRR,MFA,6.693581780538302
TRR,MFO,6.693581780538302
TRR,MFU,6.693581780538302
TRR,MIN,2.642857142857143
TRR,MMA,6.841701466446538
TRR,MNM,6.693581780538302
TRR,MPH,6.693581780538302
TRR,MRU,6.693581780538302
TRR,MTE,6.693581780538302
TRR,MTO,6.693581780538302
TRR,MTR,6.693581780538302
TRR,MWO,6.693581780538302
TRR,OFS,10.236639929705879
TRR,OPS,8.534258977324928
TRR,POS,4.285714285714286
TRR,PUB,4.785714285714286
TRR,REN,10.236639929705879
TRR,REP,8.534258977324928
TRR,RES,4.268571428571429
TRR,SEC,10.236639929705879
TRR,SOC,4.268571428571429
TRR,SPO,12.857142857142858
TRR,TEL,4.785714285714286
TRR,TRA,10.236639929705879
TRR,TRL,4.285714285714286
TRR,TRR,7.073170731707317
TRR,TRW,7.073170731707317
TRR,VET,6.0
TRR,VID,4.785714285714286
TRR,WAS,4.285714285714286
TRR,REA,6.008994145126046
TRR,IMP,6.008994145126046
TRW,ACC,11.801987000374307
TRW,ACF,3.644756747161913
TRW,ADM,7.51967407520424
TRW,AMO,7.739912170442336
TRW,ARC,11.801987000374307
TRW,BET,15.186340741870907
TRW,BUI,9.442293122823287
TRW,CON,1.0
TRW,CRE,15.186340741870907
TRW,CRO,4.285714285714286
TRW,CST,11.801987000374307
TRW,EDU,7.180388360918526
TRW,ELE,3.8634722611452834
TRW,EMP,9.442293122823287
TRW,FIN,4.353007408537573
TRW,FIS,4.285714285714286
TRW,FOR,4.285714285714286
TRW,HEA,9.143238411577087
TRW,INF,11.50465139946728
TRW,INS,4.353007408537573
TRW,LIB,15.186340741870907
TRW,LIV,4.285714285714286
TRW,MPA,4.671814671814672
TRW,MAO,4.671814671814672
TRW,MBA,4.671814671814672
TRW,MBE,4.671814671814672
TRW,MCH,4.671814671814672
TRW,MCO,4.671814671814672
TRW,MEL,4.671814671814672
TRW,MFA,4.671814671814672
TRW,MFO,4.671814671814672
TRW,MFU,4.671814671814672
TRW,MIN,1.6428571428571428
TRW,MMA,4.768869156437712
TRW,MNM,4.671814671814672
TRW,MPH,4.671814671814672
TRW,MRU,4.671814671814672
TRW,MTE,4.671814671814672
TRW,MTO,4.671814671814672
TRW,MTR,4.671814671814672
TRW,MWO,4.671814671814672
TRW,OFS,9.442293122823287
TRW,OPS,7.739912170442336
TRW,POS,8.03015026568043
TRW,PUB,11.50465139946728
TRW,REN,9.442293122823287
TRW,REP,7.739912170442336
TRW,RES,9.143238411577087
TRW,SEC,9.442293122823287
TRW,SOC,9.143238411577087
TRW,SPO,15.186340741870907
TRW,TEL,11.50465139946728
TRW,TRA,9.442293122823287
TRW,TRL,8.03015026568043
TRW,TRR,5.476190476190476
TRW,TRW,5.476190476190476
TRW,VET,11.801987000374307
TRW,VID,11.50465139946728
TRW,WAS,3.9958645513947166
TRW,REA,4.420300531360861
TRW,IMP,4.420300531360861
RES,ACC,19.183673469387752
RES,ACF,2.8692129629629632
RES,ADM,10.619047619047619
RES,AMO,11.05952380952381
RES,ARC,19.183673469387752
RES,BET,25.952380952380953
RES,BUI,14.464285714285714
RES,CON,2.2837816944959806
RES,CRE,25.952380952380953
RES,CRO,4.8338978824612555
RES,CST,19.183673469387752
RES,EDU,9.94047619047619
RES,ELE,3.306643990929705
RES,EMP,14.464285714285714
RES,FIN,4.285714285714286
RES,FIS,4.8338978824612555
RES,FOR,4.8338978824612555
RES,HEA,13.866176291793312
RES,INF,18.589002267573697
RES,INS,4.285714285714286
RES,LIB,25.952380952380953
RES,LIV,4.8338978824612555
RES,MPA,8.286633909081502
RES,MAO,8.286633909081502
RES,MBA,8.286633909081502
RES,MBE,8.286633909081502
RES,MCH,8.286633909081502
RES,MCO,8.286633909081502
RES,MEL,8.286633909081502
RES,MFA,8.286633909081502
RES,MFO,8.286633909081502
RES,MFU,8.286633909081502
RES,MIN,1.5793650793650793
RES,MMA,6.881718020662745
RES,MNM,8.286633909081502
RES,MPH,8.286633909081502
RES,MRU,8.286633909081502
RES,MTE,8.286633909081502
RES,MTO,8.286633909081502
RES,MTR,8.286633909081502
RES,MWO,8.286633909081502
RES,OFS,14.464285714285714
RES,OPS,11.05952380952381
RES,POS,11.639999999999999
RES,PUB,18.589002267573697
RES,REN,14.464285714285714
RES,REP,11.05952380952381
RES,RES,13.866176291793312
RES,SEC,14.464285714285714
RES,SOC,13.866176291793312
RES,SPO,25.952380952380953
RES,TEL,18.589002267573697
RES,TRA,14.464285714285714
RES,TRL,11.639999999999999
RES,TRR,6.787162240016911
RES,TRW,6.787162240016911
RES,VET,19.183673469387752
RES,VID,18.589002267573697
RES,WAS,3.5714285714285716
RES,REA,8.173899567380783
RES,IMP,8.173899567380783
BET,ACC,19.183673469387752
BET,ACF,2.8692129629629632
BET,ADM,10.619047619047619
BET,AMO,11.05952380952381
BET,ARC,19.183673469387752
BET,BET,25.952380952380953
BET,BUI,14.464285714285714
BET,CON,2.2837816944959806
BET,CRE,25.952380952380953
BET,CRO,4.8338978824612555
BET,CST,19.183673469387752
BET,EDU,9.94047619047619
BET,ELE,3.306643990929705
BET,EMP,14.464285714285714
BET,FIN,4.285714285714286
BET,FIS,4.8338978824612555
BET,FOR,4.8338978824612555
BET,HEA,13.866176291793312
BET,INF,18.589002267573697
BET,INS,4.285714285714286
BET,LIB,25.952380952380953
BET,LIV,4.8338978824612555
BET,MPA,8.286633909081502
BET,MAO,8.286633909081502
BET,MBA,8.286633909081502
BET,MBE,8.286633909081502
BET,MCH,8.286633909081502
BET,MCO,8.286633909081502
BET,MEL,8.286633909081502
BET,MFA,8.286633909081502
BET,MFO,8.286633909081502
BET,MFU,8.286633909081502
BET,MIN,1.5793650793650793
BET,MMA,6.881718020662745
BET,MNM,8.286633909081502
BET,MPH,8.286633909081502
BET,MRU,8.286633909081502
BET,MTE,8.286633909081502
BET,MTO,8.286633909081502
BET,MTR,8.286633909081502
BET,MWO,8.286633909081502
BET,OFS,14.464285714285714
BET,OPS,11.05952380952381
BET,POS,11.639999999999999
BET,PUB,18.589002267573697
BET,REN,14.464285714285714
BET,REP,11.05952380952381
BET,RES,13.866176291793312
BET,SEC,14.464285714285714
BET,SOC,13.866176291793312
BET,SPO,25.952380952380953
BET,TEL,18.589002267573697
BET,TRA,14.464285714285714
BET,TRL,11.639999999999999
BET,TRR,6.787162240016911
BET,TRW,6.787162240016911
BET,VET,19.183673469387752
BET,VID,18.589002267573697
BET,WAS,3.5714285714285716
BET,REA,8.173899567380783
BET,IMP,8.173899567380783
LIV,ACC,19.183673469387752
LIV,ACF,2.8692129629629632
LIV,ADM,10.619047619047619
LIV,AMO,11.05952380952381
LIV,ARC,19.183673469387752
LIV,BET,25.952380952380953
LIV,BUI,14.464285714285714
LIV,CON,2.2837816944959806
LIV,CRE,25.952380952380953
LIV,CRO,4.8338978824612555
LIV,CST,19.183673469387752
LIV,EDU,9.94047619047619
LIV,ELE,3.306643990929705
LIV,EMP,14.464285714285714
LIV,FIN,4.285714285714286
LIV,FIS,4.8338978824612555
LIV,FOR,4.8338978824612555
LIV,HEA,13.866176291793312
LIV,INF,18.589002267573697
LIV,INS,4.285714285714286
LIV,LIB,25.952380952380953
LIV,LIV,4.8338978824612555
LIV,MPA,8.286633909081502
LIV,MAO,8.286633909081502
LIV,MBA,8.286633909081502
LIV,MBE,8.286633909081502
LIV,MCH,8.286633909081502
LIV,MCO,8.286633909081502
LIV,MEL,8.286633909081502
LIV,MFA,8.286633909081502
LIV,MFO,8.286633909081502
LIV,MFU,8.286633909081502
LIV,MIN,1.5793650793650793
LIV,MMA,6.881718020662745
LIV,MNM,8.286633909081502
LIV,MPH,8.286633909081502
LIV,MRU,8.286633909081502
LIV,MTE,8.286633909081502
LIV,MTO,8.286633909081502
LIV,MTR,8.286633909081502
LIV,MWO,8.286633909081502
LIV,OFS,14.464285714285714
LIV,OPS,11.05952380952381
LIV,POS,11.639999999999999
LIV,PUB,18.589002267573697
LIV,REN,14.464285714285714
LIV,REP,11.05952380952381
LIV,RES,13.866176291793312
LIV,SEC,14.464285714285714
LIV,SOC,13.866176291793312
LIV,SPO,25.952380952380953
LIV,TEL,18.589002267573697
LIV,TRA,14.464285714285714
LIV,TRL,11.639999999999999
LIV,TRR,6.787162240016911
LIV,TRW,6.787162240016911
LIV,VET,19.183673469387752
LIV,VID,18.589002267573697
LIV,WAS,3.5714285714285716
LIV,REA,8.173899567380783
LIV,IMP,8.173899567380783
MTR,ACC,19.183673469387752
MTR,ACF,2.8692129629629632
MTR,ADM,10.619047619047619
MTR,AMO,11.05952380952381
MTR,ARC,19.183673469387752
MTR,BET,25.952380952380953
MTR,BUI,14.464285714285714
MTR,CON,2.2837816944959806
MTR,CRE,25.952380952380953
MTR,CRO,4.8338978824612555
MTR,CST,19.183673469387752
MTR,EDU,9.94047619047619
MTR,ELE,3.306643990929705
MTR,EMP,14.464285714285714
MTR,FIN,4.285714285714286
MTR,FIS,4.8338978824612555
MTR,FOR,4.8338978824612555
MTR,HEA,13.866176291793312
MTR,INF,18.589002267573697
MTR,INS,4.285714285714286
MTR,LIB,25.952380952380953
MTR,LIV,4.8338978824612555
MTR,MPA,8.286633909081502
MTR,MAO,8.286633909081502
MTR,MBA,8.286633909081502
MTR,MBE,8.286633909081502
MTR,MCH,8.286633909081502
MTR,MCO,8.286633909081502
MTR,MEL,8.286633909081502
MTR,MFA,8.286633909081502
MTR,MFO,8.286633909081502
MTR,MFU,8.286633909081502
MTR,MIN,1.5793650793650793
MTR,MMA,6.881718020662745
MTR,MNM,8.286633909081502
MTR,MPH,8.286633909081502
MTR,MRU,8.286633909081502
MTR,MTE,8.286633909081502
MTR,MTO,8.286633909081502
MTR,MTR,8.286633909081502
MTR,MWO,8.286633909081502
MTR,OFS,14.464285714285714
MTR,OPS,11.05952380952381
MTR,POS,11.639999999999999
MTR,PUB,18.589002267573697
MTR,REN,14.464285714285714
MTR,REP,11.05952380952381
MTR,RES,13.866176291793312
MTR,SEC,14.464285714285714
MTR,SOC,13.866176291793312
MTR,SPO,25.952380952380953
MTR,TEL,18.589002267573697
MTR,TRA,14.464285714285714
MTR,TRL,11.639999999999999
MTR,TRR,6.787162240016911
MTR,TRW,6.787162240016911
MTR,VET,19.183673469387752
MTR,VID,18.589002267573697
MTR,WAS,3.5714285714285716
MTR,REA,8.173899567380783
MTR,IMP,8.173899567380783
MPH,ACC,19.183673469387752
MPH,ACF,2.8692129629629632
MPH,ADM,10.619047619047619
MPH,AMO,11.05952380952381
MPH,ARC,19.183673469387752
MPH,BET,25.952380952380953
MPH,BUI,14.464285714285714
MPH,CON,2.2837816944959806
MPH,CRE,25.952380952380953
MPH,CRO,4.8338978824612555
MPH,CST,19.183673469387752
MPH,EDU,9.94047619047619
MPH,ELE,3.306643990929705
MPH,EMP,14.464285714285714
MPH,FIN,4.285714285714286
MPH,FIS,4.8338978824612555
MPH,FOR,4.8338978824612555
MPH,HEA,13.866176291793312
MPH,INF,18.589002267573697
MPH,INS,4.285714285714286
MPH,LIB,25.952380952380953
MPH,LIV,4.8338978824612555
MPH,MPA,8.286633909081502
MPH,MAO,8.286633909081502
MPH,MBA,8.286633909081502
MPH,MBE,8.286633909081502
MPH,MCH,8.286633909081502
MPH,MCO,8.286633909081502
MPH,MEL,8.286633909081502
MPH,MFA,8.286633909081502
MPH,MFO,8.286633909081502
MPH,MFU,8.286633909081502
MPH,MIN,1.5793650793650793
MPH,MMA,6.881718020662745
MPH,MNM,8.286633909081502
MPH,MPH,8.286633909081502
MPH,MRU,8.286633909081502
MPH,MTE,8.286633909081502
MPH,MTO,8.286633909081502
MPH,MTR,8.286633909081502
MPH,MWO,8.286633909081502
MPH,OFS,14.464285714285714
MPH,OPS,11.05952380952381
MPH,POS,11.639999999999999
MPH,PUB,18.589002267573697
MPH,REN,14.464285714285714
MPH,REP,11.05952380952381
MPH,RES,13.866176291793312
MPH,SEC,14.464285714285714
MPH,SOC,13.866176291793312
MPH,SPO,25.952380952380953
MPH,TEL,18.589002267573697
MPH,TRA,14.464285714285714
MPH,TRL,11.639999999999999
MPH,TRR,6.787162240016911
MPH,TRW,6.787162240016911
MPH,VET,19.183673469387752
MPH,VID,18.589002267573697
MPH,WAS,3.5714285714285716
MPH,REA,8.173899567380783
MPH,IMP,8.173899567380783
MCO,ACC,19.183673469387752
MCO,ACF,2.8692129629629632
MCO,ADM,10.619047619047619
MCO,AMO,11.05952380952381
MCO,ARC,19.183673469387752
MCO,BET,25.952380952380953
MCO,BUI,14.464285714285714
MCO,CON,2.2837816944959806
MCO,CRE,25.952380952380953
MCO,CRO,4.8338978824612555
MCO,CST,19.183673469387752
MCO,EDU,9.94047619047619
MCO,ELE,3.306643990929705
MCO,EMP,14.464285714285714
MCO,FIN,4.285714285714286
MCO,FIS,4.8338978824612555
MCO,FOR,4.8338978824612555
MCO,HEA,13.866176291793312
MCO,INF,18.589002267573697
MCO,INS,4.285714285714286
MCO,LIB,25.952380952380953
MCO,LIV,4.8338978824612555
MCO,MPA,8.286633909081502
MCO,MAO,8.286633909081502
MCO,MBA,8.286633909081502
MCO,MBE,8.286633909081502
MCO,MCH,8.286633909081502
MCO,MCO,8.286633909081502
MCO,MEL,8.286633909081502
MCO,MFA,8.286633909081502
MCO,MFO,8.286633909081502
MCO,MFU,8.286633909081502
MCO,MIN,1.5793650793650793
MCO,MMA,6.881718020662745
MCO,MNM,8.286633909081502
MCO,MPH,8.286633909081502
MCO,MRU,8.286633909081502
MCO,MTE,8.286633909081502
MCO,MTO,8.286633909081502
MCO,MTR,8.286633909081502
MCO,MWO,8.286633909081502
MCO,OFS,14.464285714285714
MCO,OPS,11.05952380952381
MCO,POS,11.639999999999999
MCO,PUB,18.589002267573697
MCO,REN,14.464285714285714
MCO,REP,11.05952380952381
MCO,RES,13.866176291793312
MCO,SEC,14.464285714285714
MCO,SOC,13.866176291793312
MCO,SPO,25.952380952380953
MCO,TEL,18.589002267573697
MCO,TRA,14.464285714285714
MCO,TRL,11.639999999999999
MCO,TRR,6.787162240016911
MCO,TRW,6.787162240016911
MCO,VET,19.183673469387752
MCO,VID,18.589002267573697
MCO,WAS,3.5714285714285716
MCO,REA,8.173899567380783
MCO,IMP,8.173899567380783
SOC,ACC,19.183673469387752
SOC,ACF,2.8692129629629632
SOC,ADM,10.619047619047619
SOC,AMO,11.05952380952381
SOC,ARC,19.183673469387752
SOC,BET,25.952380952380953
SOC,BUI,14.464285714285714
SOC,CON,2.2837816944959806
SOC,CRE,25.952380952380953
SOC,CRO,4.8338978824612555
SOC,CST,19.183673469387752
SOC,EDU,9.94047619047619
SOC,ELE,3.306643990929705
SOC,EMP,14.464285714285714
SOC,FIN,4.285714285714286
SOC,FIS,4.8338978824612555
SOC,FOR,4.8338978824612555
SOC,HEA,13.866176291793312
SOC,INF,18.589002267573697
SOC,INS,4.285714285714286
SOC,LIB,25.952380952380953
SOC,LIV,4.8338978824612555
SOC,MPA,8.286633909081502
SOC,MAO,8.286633909081502
SOC,MBA,8.286633909081502
SOC,MBE,8.286633909081502
SOC,MCH,8.286633909081502
SOC,MCO,8.286633909081502
SOC,MEL,8.286633909081502
SOC,MFA,8.286633909081502
SOC,MFO,8.286633909081502
SOC,MFU,8.286633909081502
SOC,MIN,1.5793650793650793
SOC,MMA,6.881718020662745
SOC,MNM,8.286633909081502
SOC,MPH,8.286633909081502
SOC,MRU,8.286633909081502
SOC,MTE,8.286633909081502
SOC,MTO,8.286633909081502
SOC,MTR,8.286633909081502
SOC,MWO,8.286633909081502
SOC,OFS,14.464285714285714
SOC,OPS,11.05952380952381
SOC,POS,11.639999999999999
SOC,PUB,18.589002267573697
SOC,REN,14.464285714285714
SOC,REP,11.05952380952381
SOC,RES,13.866176291793312
SOC,SEC,14.464285714285714
SOC,SOC,13.866176291793312
SOC,SPO,25.952380952380953
SOC,TEL,18.589002267573697
SOC,TRA,14.464285714285714
SOC,TRL,11.639999999999999
SOC,TRR,6.787162240016911
SOC,TRW,6.787162240016911
SOC,VET,19.183673469387752
SOC,VID,18.589002267573697
SOC,WAS,3.5714285714285716
SOC,REA,8.173899567380783
SOC,IMP,8.173899567380783
MIN,ACC,19.183673469387752
MIN,ACF,2.8692129629629632
MIN,ADM,10.619047619047619
MIN,AMO,11.05952380952381
MIN,ARC,19.183673469387752
MIN,BET,25.952380952380953
MIN,BUI,14.464285714285714
MIN,CON,2.2837816944959806
MIN,CRE,25.952380952380953
MIN,CRO,4.8338978824612555
MIN,CST,19.183673469387752
MIN,EDU,9.94047619047619
MIN,ELE,3.306643990929705
MIN,EMP,14.464285714285714
MIN,FIN,4.285714285714286
MIN,FIS,4.8338978824612555
MIN,FOR,4.8338978824612555
MIN,HEA,13.866176291793312
MIN,INF,18.589002267573697
MIN,INS,4.285714285714286
MIN,LIB,25.952380952380953
MIN,LIV,4.8338978824612555
MIN,MPA,8.286633909081502
MIN,MAO,8.286633909081502
MIN,MBA,8.286633909081502
MIN,MBE,8.286633909081502
MIN,MCH,8.286633909081502
MIN,MCO,8.286633909081502
MIN,MEL,8.286633909081502
MIN,MFA,8.286633909081502
MIN,MFO,8.286633909081502
MIN,MFU,8.286633909081502
MIN,MIN,1.5793650793650793
MIN,MMA,6.881718020662745
MIN,MNM,8.286633909081502
MIN,MPH,8.286633909081502
MIN,MRU,8.286633909081502
MIN,MTE,8.286633909081502
MIN,MTO,8.286633909081502
MIN,MTR,8.286633909081502
MIN,MWO,8.286633909081502
MIN,OFS,14.464285714285714
MIN,OPS,11.05952380952381
MIN,POS,11.639999999999999
MIN,PUB,18.589002267573697
MIN,REN,14.464285714285714
MIN,REP,11.05952380952381
MIN,RES,13.866176291793312
MIN,SEC,14.464285714285714
MIN,SOC,13.866176291793312
MIN,SPO,25.952380952380953
MIN,TEL,18.589002267573697
MIN,TRA,14.464285714285714
MIN,TRL,11.639999999999999
MIN,TRR,6.787162240016911
MIN,TRW,6.787162240016911
MIN,VET,19.183673469387752
MIN,VID,18.589002267573697
MIN,WAS,3.5714285714285716
MIN,REA,8.173899567380783
MIN,IMP,8.173899567380783
FOR,ACC,19.183673469387752
FOR,ACF,2.8692129629629632
FOR,ADM,10.619047619047619
FOR,AMO,11.05952380952381
FOR,ARC,19.183673469387752
FOR,BET,25.952380952380953
FOR,BUI,14.464285714285714
FOR,CON,2.2837816944959806
FOR,CRE,25.952380952380953
FOR,CRO,4.8338978824612555
FOR,CST,19.183673469387752
FOR,EDU,9.94047619047619
FOR,ELE,3.306643990929705
FOR,EMP,14.464285714285714
FOR,FIN,4.285714285714286
FOR,FIS,4.8338978824612555
FOR,FOR,4.8338978824612555
FOR,HEA,13.866176291793312
FOR,INF,18.589002267573697
FOR,INS,4.285714285714286
FOR,LIB,25.952380952380953
FOR,LIV,4.8338978824612555
FOR,MPA,8.286633909081502
FOR,MAO,8.286633909081502
FOR,MBA,8.286633909081502
FOR,MBE,8.286633909081502
FOR,MCH,8.286633909081502
FOR,MCO,8.286633909081502
FOR,MEL,8.286633909081502
FOR,MFA,8.286633909081502
FOR,MFO,8.286633909081502
FOR,MFU,8.286633909081502
FOR,MIN,1.5793650793650793
FOR,MMA,6.881718020662745
FOR,MNM,8.286633909081502
FOR,MPH,8.286633909081502
FOR,MRU,8.286633909081502
FOR,MTE,8.286633909081502
FOR,MTO,8.286633909081502
FOR,MTR,8.286633909081502
FOR,MWO,8.286633909081502
FOR,OFS,14.464285714285714
FOR,OPS,11.05952380952381
FOR,POS,11.639999999999999
FOR,PUB,18.589002267573697
FOR,REN,14.464285714285714
FOR,REP,11.05952380952381
FOR,RES,13.866176291793312
FOR,SEC,14.464285714285714
FOR,SOC,13.866176291793312
FOR,SPO,25.952380952380953
FOR,TEL,18.589002267573697
FOR,TRA,14.464285714285714
FOR,TRL,11.639999999999999
FOR,TRR,6.787162240016911
FOR,TRW,6.787162240016911
FOR,VET,19.183673469387752
FOR,VID,18.589002267573697
FOR,WAS,3.5714285714285716
FOR,REA,8.173899567380783
FOR,IMP,8.173899567380783
VID,ACC,19.183673469387752
VID,ACF,2.8692129629629632
VID,ADM,10.619047619047619
VID,AMO,11.05952380952381
VID,ARC,19.183673469387752
VID,BET,25.952380952380953
VID,BUI,14.464285714285714
VID,CON,2.2837816944959806
VID,CRE,25.952380952380953
VID,CRO,4.8338978824612555
VID,CST,19.183673469387752
VID,EDU,9.94047619047619
VID,ELE,3.306643990929705
VID,EMP,14.464285714285714
VID,FIN,4.285714285714286
VID,FIS,4.8338978824612555
VID,FOR,4.8338978824612555
VID,HEA,13.866176291793312
VID,INF,18.589002267573697
VID,INS,4.285714285714286
VID,LIB,25.952380952380953
VID,LIV,4.8338978824612555
VID,MPA,8.286633909081502
VID,MAO,8.286633909081502
VID,MBA,8.286633909081502
VID,MBE,8.286633909081502
VID,MCH,8.286633909081502
VID,MCO,8.286633909081502
VID,MEL,8.286633909081502
VID,MFA,8.286633909081502
VID,MFO,8.286633909081502
VID,MFU,8.286633909081502
VID,MIN,1.5793650793650793
VID,MMA,6.881718020662745
VID,MNM,8.286633909081502
VID,MPH,8.286633909081502
VID,MRU,8.286633909081502
VID,MTE,8.286633909081502
VID,MTO,8.286633909081502
VID,MTR,8.286633909081502
VID,MWO,8.286633909081502
VID,OFS,14.464285714285714
VID,OPS,11.05952380952381
VID,POS,11.639999999999999
VID,PUB,18.589002267573697
VID,REN,14.464285714285714
VID,REP,11.05952380952381
VID,RES,13.866176291793312
VID,SEC,14.464285714285714
VID,SOC,13.866176291793312
VID,SPO,25.952380952380953
VID,TEL,18.589002267573697
VID,TRA,14.464285714285714
VID,TRL,11.639999999999999
VID,TRR,6.787162240016911
VID,TRW,6.787162240016911
VID,VET,19.183673469387752
VID,VID,18.589002267573697
VID,WAS,3.5714285714285716
VID,REA,8.173899567380783
VID,IMP,8.173899567380783
WAS,ACC,19.183673469387752
WAS,ACF,2.8692129629629632
WAS,ADM,10.619047619047619
WAS,AMO,11.05952380952381
WAS,ARC,19.183673469387752
WAS,BET,25.952380952380953
WAS,BUI,14.464285714285714
WAS,CON,2.2837816944959806
WAS,CRE,25.952380952380953
WAS,CRO,4.8338978824612555
WAS,CST,19.183673469387752
WAS,EDU,9.94047619047619
WAS,ELE,3.306643990929705
WAS,EMP,14.464285714285714
WAS,FIN,4.285714285714286
WAS,FIS,4.8338978824612555
WAS,FOR,4.8338978824612555
WAS,HEA,13.866176291793312
WAS,INF,18.589002267573697
WAS,INS,4.285714285714286
WAS,LIB,25.952380952380953
WAS,LIV,4.8338978824612555
WAS,MPA,8.286633909081502
WAS,MAO,8.286633909081502
WAS,MBA,8.286633909081502
WAS,MBE,8.286633909081502
WAS,MCH,8.286633909081502
WAS,MCO,8.286633909081502
WAS,MEL,8.286633909081502
WAS,MFA,8.286633909081502
WAS,MFO,8.286633909081502
WAS,MFU,8.286633909081502
WAS,MIN,1.5793650793650793
WAS,MMA,6.881718020662745
WAS,MNM,8.286633909081502
WAS,MPH,8.286633909081502
WAS,MRU,8.286633909081502
WAS,MTE,8.286633909081502
WAS,MTO,8.286633909081502
WAS,MTR,8.286633909081502
WAS,MWO,8.286633909081502
WAS,OFS,14.464285714285714
WAS,OPS,11.05952380952381
WAS,POS,11.639999999999999
WAS,PUB,18.589002267573697
WAS,REN,14.464285714285714
WAS,REP,11.05952380952381
WAS,RES,13.866176291793312
WAS,SEC,14.464285714285714
WAS,SOC,13.866176291793312
WAS,SPO,25.952380952380953
WAS,TEL,18.589002267573697
WAS,TRA,14.464285714285714
WAS,TRL,11.639999999999999
WAS,TRR,6.787162240016911
WAS,TRW,6.787162240016911
WAS,VET,19.183673469387752
WAS,VID,18.589002267573697
WAS,WAS,3.5714285714285716
WAS,REA,8.173899567380783
WAS,IMP,8.173899567380783
ACC,ACC,19.183673469387752
ACC,ACF,2.8692129629629632
ACC,ADM,10.619047619047619
ACC,AMO,11.05952380952381
ACC,ARC,19.183673469387752
ACC,BET,25.952380952380953
ACC,BUI,14.464285714285714
ACC,CON,2.2837816944959806
ACC,CRE,25.952380952380953
ACC,CRO,4.8338978824612555
ACC,CST,19.183673469387752
ACC,EDU,9.94047619047619
ACC,ELE,3.306643990929705
ACC,EMP,14.464285714285714
ACC,FIN,4.285714285714286
ACC,FIS,4.8338978824612555
ACC,FOR,4.8338978824612555
ACC,HEA,13.866176291793312
ACC,INF,18.589002267573697
ACC,INS,4.285714285714286
ACC,LIB,25.952380952380953
ACC,LIV,4.8338978824612555
ACC,MPA,8.286633909081502
ACC,MAO,8.286633909081502
ACC,MBA,8.286633909081502
ACC,MBE,8.286633909081502
ACC,MCH,8.286633909081502
ACC,MCO,8.286633909081502
ACC,MEL,8.286633909081502
ACC,MFA,8.286633909081502
ACC,MFO,8.286633909081502
ACC,MFU,8.286633909081502
ACC,MIN,1.5793650793650793
ACC,MMA,6.881718020662745
ACC,MNM,8.286633909081502
ACC,MPH,8.286633909081502
ACC,MRU,8.286633909081502
ACC,MTE,8.286633909081502
ACC,MTO,8.286633909081502
ACC,MTR,8.286633909081502
ACC,MWO,8.286633909081502
ACC,OFS,14.464285714285714
ACC,OPS,11.05952380952381
ACC,POS,11.639999999999999
ACC,PUB,18.589002267573697
ACC,REN,14.464285714285714
ACC,REP,11.05952380952381
ACC,RES,13.866176291793312
ACC,SEC,14.464285714285714
ACC,SOC,13.866176291793312
ACC,SPO,25.952380952380953
ACC,TEL,18.589002267573697
ACC,TRA,14.464285714285714
ACC,TRL,11.639999999999999
ACC,TRR,6.787162240016911
ACC,TRW,6.787162240016911
ACC,VET,19.183673469387752
ACC,VID,18.589002267573697
ACC,WAS,3.5714285714285716
ACC,REA,8.173899567380783
ACC,IMP,8.173899567380783
MTO,ACC,19.183673469387752
MTO,ACF,2.8692129629629632
MTO,ADM,10.619047619047619
MTO,AMO,11.05952380952381
MTO,ARC,19.183673469387752
MTO,BET,25.952380952380953
MTO,BUI,14.464285714285714
MTO,CON,2.2837816944959806
MTO,CRE,25.952380952380953
MTO,CRO,4.8338978824612555
MTO,CST,19.183673469387752
MTO,EDU,9.94047619047619
MTO,ELE,3.306643990929705
MTO,EMP,14.464285714285714
MTO,FIN,4.285714285714286
MTO,FIS,4.8338978824612555
MTO,FOR,4.8338978824612555
MTO,HEA,13.866176291793312
MTO,INF,18.589002267573697
MTO,INS,4.285714285714286
MTO,LIB,25.952380952380953
MTO,LIV,4.8338978824612555
MTO,MPA,8.286633909081502
MTO,MAO,8.286633909081502
MTO,MBA,8.286633909081502
MTO,MBE,8.286633909081502
MTO,MCH,8.286633909081502
MTO,MCO,8.286633909081502
MTO,MEL,8.286633909081502
MTO,MFA,8.286633909081502
MTO,MFO,8.286633909081502
MTO,MFU,8.286633909081502
MTO,MIN,1.5793650793650793
MTO,MMA,6.881718020662745
MTO,MNM,8.286633909081502
MTO,MPH,8.286633909081502
MTO,MRU,8.286633909081502
MTO,MTE,8.286633909081502
MTO,MTO,8.286633909081502
MTO,MTR,8.286633909081502
MTO,MWO,8.286633909081502
MTO,OFS,14.464285714285714
MTO,OPS,11.05952380952381
MTO,POS,11.639999999999999
MTO,PUB,18.589002267573697
MTO,REN,14.464285714285714
MTO,REP,11.05952380952381
MTO,RES,13.866176291793312
MTO,SEC,14.464285714285714
MTO,SOC,13.866176291793312
MTO,SPO,25.952380952380953
MTO,TEL,18.589002267573697
MTO,TRA,14.464285714285714
MTO,TRL,11.639999999999999
MTO,TRR,6.787162240016911
MTO,TRW,6.787162240016911
MTO,VET,19.183673469387752
MTO,VID,18.589002267573697
MTO,WAS,3.5714285714285716
MTO,REA,8.173899567380783
MTO,IMP,8.173899567380783
FIS,ACC,19.183673469387752
FIS,ACF,2.8692129629629632
FIS,ADM,10.619047619047619
FIS,AMO,11.05952380952381
FIS,ARC,19.183673469387752
FIS,BET,25.952380952380953
FIS,BUI,14.464285714285714
FIS,CON,2.2837816944959806
FIS,CRE,25.952380952380953
FIS,CRO,4.8338978824612555
FIS,CST,19.183673469387752
FIS,EDU,9.94047619047619
FIS,ELE,3.306643990929705
FIS,EMP,14.464285714285714
FIS,FIN,4.285714285714286
FIS,FIS,4.8338978824612555
FIS,FOR,4.8338978824612555
FIS,HEA,13.866176291793312
FIS,INF,18.589002267573697
FIS,INS,4.285714285714286
FIS,LIB,25.952380952380953
FIS,LIV,4.8338978824612555
FIS,MPA,8.286633909081502
FIS,MAO,8.286633909081502
FIS,MBA,8.286633909081502
FIS,MBE,8.286633909081502
FIS,MCH,8.286633909081502
FIS,MCO,8.286633909081502
FIS,MEL,8.286633909081502
FIS,MFA,8.286633909081502
FIS,MFO,8.286633909081502
FIS,MFU,8.286633909081502
FIS,MIN,1.5793650793650793
FIS,MMA,6.881718020662745
FIS,MNM,8.286633909081502
FIS,MPH,8.286633909081502
FIS,MRU,8.286633909081502
FIS,MTE,8.286633909081502
FIS,MTO,8.286633909081502
FIS,MTR,8.286633909081502
FIS,MWO,8.286633909081502
FIS,OFS,14.464285714285714
FIS,OPS,11.05952380952381
FIS,POS,11.639999999999999
FIS,PUB,18.589002267573697
FIS,REN,14.464285714285714
FIS,REP,11.05952380952381
FIS,RES,13.866176291793312
FIS,SEC,14.464285714285714
FIS,SOC,13.866176291793312
FIS,SPO,25.952380952380953
FIS,TEL,18.589002267573697
FIS,TRA,14.464285714285714
FIS,TRL,11.639999999999999
FIS,TRR,6.787162240016911
FIS,TRW,6.787162240016911
FIS,VET,19.183673469387752
FIS,VID,18.589002267573697
FIS,WAS,3.5714285714285716
FIS,REA,8.173899567380783
FIS,IMP,8.173899567380783
CRO,ACC,19.183673469387752
CRO,ACF,2.8692129629629632
CRO,ADM,10.619047619047619
CRO,AMO,11.05952380952381
CRO,ARC,19.183673469387752
CRO,BET,25.952380952380953
CRO,BUI,14.464285714285714
CRO,CON,2.2837816944959806
CRO,CRE,25.952380952380953
CRO,CRO,4.8338978824612555
CRO,CST,19.183673469387752
CRO,EDU,9.94047619047619
CRO,ELE,3.306643990929705
CRO,EMP,14.464285714285714
CRO,FIN,4.285714285714286
CRO,FIS,4.8338978824612555
CRO,FOR,4.8338978824612555
CRO,HEA,13.866176291793312
CRO,INF,18.589002267573697
CRO,INS,4.285714285714286
CRO,LIB,25.952380952380953
CRO,LIV,4.8338978824612555
CRO,MPA,8.286633909081502
CRO,MAO,8.286633909081502
CRO,MBA,8.286633909081502
CRO,MBE,8.286633909081502
CRO,MCH,8.286633909081502
CRO,MCO,8.286633909081502
CRO,MEL,8.286633909081502
CRO,MFA,8.286633909081502
CRO,MFO,8.286633909081502
CRO,MFU,8.286633909081502
CRO,MIN,1.5793650793650793
CRO,MMA,6.881718020662745
CRO,MNM,8.286633909081502
CRO,MPH,8.286633909081502
CRO,MRU,8.286633909081502
CRO,MTE,8.286633909081502
CRO,MTO,8.286633909081502
CRO,MTR,8.286633909081502
CRO,MWO,8.286633909081502
CRO,OFS,14.464285714285714
CRO,OPS,11.05952380952381
CRO,POS,11.639999999999999
CRO,PUB,18.589002267573697
CRO,REN,14.464285714285714
CRO,REP,11.05952380952381
CRO,RES,13.866176291793312
CRO,SEC,14.464285714285714
CRO,SOC,13.866176291793312
CRO,SPO,25.952380952380953
CRO,TEL,18.589002267573697
CRO,TRA,14.464285714285714
CRO,TRL,11.639999999999999
CRO,TRR,6.787162240016911
CRO,TRW,6.787162240016911
CRO,VET,19.183673469387752
CRO,VID,18.589002267573697
CRO,WAS,3.5714285714285716
CRO,REA,8.173899567380783
CRO,IMP,8.173899567380783
INF,ACC,19.183673469387752
INF,ACF,2.8692129629629632
INF,ADM,10.619047619047619
INF,AMO,11.05952380952381
INF,ARC,19.183673469387752
INF,BET,25.952380952380953
INF,BUI,14.464285714285714
INF,CON,2.2837816944959806
INF,CRE,25.952380952380953
INF,CRO,4.8338978824612555
INF,CST,19.183673469387752
INF,EDU,9.94047619047619
INF,ELE,3.306643990929705
INF,EMP,14.464285714285714
INF,FIN,4.285714285714286
INF,FIS,4.8338978824612555
INF,FOR,4.8338978824612555
INF,HEA,13.866176291793312
INF,INF,18.589002267573697
INF,INS,4.285714285714286
INF,LIB,25.952380952380953
INF,LIV,4.8338978824612555
INF,MPA,8.286633909081502
INF,MAO,8.286633909081502
INF,MBA,8.286633909081502
INF,MBE,8.286633909081502
INF,MCH,8.286633909081502
INF,MCO,8.286633909081502
INF,MEL,8.286633909081502
INF,MFA,8.286633909081502
INF,MFO,8.286633909081502
INF,MFU,8.286633909081502
INF,MIN,1.5793650793650793
INF,MMA,6.881718020662745
INF,MNM,8.286633909081502
INF,MPH,8.286633909081502
INF,MRU,8.286633909081502
INF,MTE,8.286633909081502
INF,MTO,8.286633909081502
INF,MTR,8.286633909081502
INF,MWO,8.286633909081502
INF,OFS,14.464285714285714
INF,OPS,11.05952380952381
INF,POS,11.639999999999999
INF,PUB,18.589002267573697
INF,REN,14.464285714285714
INF,REP,11.05952380952381
INF,RES,13.866176291793312
INF,SEC,14.464285714285714
INF,SOC,13.866176291793312
INF,SPO,25.952380952380953
INF,TEL,18.589002267573697
INF,TRA,14.464285714285714
INF,TRL,11.639999999999999
INF,TRR,6.787162240016911
INF,TRW,6.787162240016911
INF,VET,19.183673469387752
INF,VID,18.589002267573697
INF,WAS,3.5714285714285716
INF,REA,8.173899567380783
INF,IMP,8.173899567380783
LIB,ACC,19.183673469387752
LIB,ACF,2.8692129629629632
LIB,ADM,10.619047619047619
LIB,AMO,11.05952380952381
LIB,ARC,19.183673469387752
LIB,BET,25.952380952380953
LIB,BUI,14.464285714285714
LIB,CON,2.2837816944959806
LIB,CRE,25.952380952380953
LIB,CRO,4.8338978824612555
LIB,CST,19.183673469387752
LIB,EDU,9.94047619047619
LIB,ELE,3.306643990929705
LIB,EMP,14.464285714285714
LIB,FIN,4.285714285714286
LIB,FIS,4.8338978824612555
LIB,FOR,4.8338978824612555
LIB,HEA,13.866176291793312
LIB,INF,18.589002267573697
LIB,INS,4.285714285714286
LIB,LIB,25.952380952380953
LIB,LIV,4.8338978824612555
LIB,MPA,8.286633909081502
LIB,MAO,8.286633909081502
LIB,MBA,8.286633909081502
LIB,MBE,8.286633909081502
LIB,MCH,8.286633909081502
LIB,MCO,8.286633909081502
LIB,MEL,8.286633909081502
LIB,MFA,8.286633909081502
LIB,MFO,8.286633909081502
LIB,MFU,8.286633909081502
LIB,MIN,1.5793650793650793
LIB,MMA,6.881718020662745
LIB,MNM,8.286633909081502
LIB,MPH,8.286633909081502
LIB,MRU,8.286633909081502
LIB,MTE,8.286633909081502
LIB,MTO,8.286633909081502
LIB,MTR,8.286633909081502
LIB,MWO,8.286633909081502
LIB,OFS,14.464285714285714
LIB,OPS,11.05952380952381
LIB,POS,11.639999999999999
LIB,PUB,18.589002267573697
LIB,REN,14.464285714285714
LIB,REP,11.05952380952381
LIB,RES,13.866176291793312
LIB,SEC,14.464285714285714
LIB,SOC,13.866176291793312
LIB,SPO,25.952380952380953
LIB,TEL,18.589002267573697
LIB,TRA,14.464285714285714
LIB,TRL,11.639999999999999
LIB,TRR,6.787162240016911
LIB,TRW,6.787162240016911
LIB,VET,19.183673469387752
LIB,VID,18.589002267573697
LIB,WAS,3.5714285714285716
LIB,REA,8.173899567380783
LIB,IMP,8.173899567380783
MBA,ACC,19.183673469387752
MBA,ACF,2.8692129629629632
MBA,ADM,10.619047619047619
MBA,AMO,11.05952380952381
MBA,ARC,19.183673469387752
MBA,BET,25.952380952380953
MBA,BUI,14.464285714285714
MBA,CON,2.2837816944959806
MBA,CRE,25.952380952380953
MBA,CRO,4.8338978824612555
MBA,CST,19.183673469387752
MBA,EDU,9.94047619047619
MBA,ELE,3.306643990929705
MBA,EMP,14.464285714285714
MBA,FIN,4.285714285714286
MBA,FIS,4.8338978824612555
MBA,FOR,4.8338978824612555
MBA,HEA,13.866176291793312
MBA,INF,18.589002267573697
MBA,INS,4.285714285714286
MBA,LIB,25.952380952380953
MBA,LIV,4.8338978824612555
MBA,MPA,8.286633909081502
MBA,MAO,8.286633909081502
MBA,MBA,8.286633909081502
MBA,MBE,8.286633909081502
MBA,MCH,8.286633909081502
MBA,MCO,8.286633909081502
MBA,MEL,8.286633909081502
MBA,MFA,8.286633909081502
MBA,MFO,8.286633909081502
MBA,MFU,8.286633909081502
MBA,MIN,1.5793650793650793
MBA,MMA,6.881718020662745
MBA,MNM,8.286633909081502
MBA,MPH,8.286633909081502
MBA,MRU,8.286633909081502
MBA,MTE,8.286633909081502
MBA,MTO,8.286633909081502
MBA,MTR,8.286633909081502
MBA,MWO,8.286633909081502
MBA,OFS,14.464285714285714
MBA,OPS,11.05952380952381
MBA,POS,11.639999999999999
MBA,PUB,18.589002267573697
MBA,REN,14.464285714285714
MBA,REP,11.05952380952381
MBA,RES,13.866176291793312
MBA,SEC,14.464285714285714
MBA,SOC,13.866176291793312
MBA,SPO,25.952380952380953
MBA,TEL,18.589002267573697
MBA,TRA,14.464285714285714
MBA,TRL,11.639999999999999
MBA,TRR,6.787162240016911
MBA,TRW,6.787162240016911
MBA,VET,19.183673469387752
MBA,VID,18.589002267573697
MBA,WAS,3.5714285714285716
MBA,REA,8.173899567380783
MBA,IMP,8.173899567380783
TEL,ACC,19.183673469387752
TEL,ACF,2.8692129629629632
TEL,ADM,10.619047619047619
TEL,AMO,11.05952380952381
TEL,ARC,19.183673469387752
TEL,BET,25.952380952380953
TEL,BUI,14.464285714285714
TEL,CON,2.2837816944959806
TEL,CRE,25.952380952380953
TEL,CRO,4.8338978824612555
TEL,CST,19.183673469387752
TEL,EDU,9.94047619047619
TEL,ELE,3.306643990929705
TEL,EMP,14.464285714285714
TEL,FIN,4.285714285714286
TEL,FIS,4.8338978824612555
TEL,FOR,4.8338978824612555
TEL,HEA,13.866176291793312
TEL,INF,18.589002267573697
TEL,INS,4.285714285714286
TEL,LIB,25.952380952380953
TEL,LIV,4.8338978824612555
TEL,MPA,8.286633909081502
TEL,MAO,8.286633909081502
TEL,MBA,8.286633909081502
TEL,MBE,8.286633909081502
TEL,MCH,8.286633909081502
TEL,MCO,8.286633909081502
TEL,MEL,8.286633909081502
TEL,MFA,8.286633909081502
TEL,MFO,8.286633909081502
TEL,MFU,8.286633909081502
TEL,MIN,1.5793650793650793
TEL,MMA,6.881718020662745
TEL,MNM,8.286633909081502
TEL,MPH,8.286633909081502
TEL,MRU,8.286633909081502
TEL,MTE,8.286633909081502
TEL,MTO,8.286633909081502
TEL,MTR,8.286633909081502
TEL,MWO,8.286633909081502
TEL,OFS,14.464285714285714
TEL,OPS,11.05952380952381
TEL,POS,11.639999999999999
TEL,PUB,18.589002267573697
TEL,REN,14.464285714285714
TEL,REP,11.05952380952381
TEL,RES,13.866176291793312
TEL,SEC,14.464285714285714
TEL,SOC,13.866176291793312
TEL,SPO,25.952380952380953
TEL,TEL,18.589002267573697
TEL,TRA,14.464285714285714
TEL,TRL,11.639999999999999
TEL,TRR,6.787162240016911
TEL,TRW,6.787162240016911
TEL,VET,19.183673469387752
TEL,VID,18.589002267573697
TEL,WAS,3.5714285714285716
TEL,REA,8.173899567380783
TEL,IMP,8.173899567380783
CST,ACC,19.183673469387752
CST,ACF,2.8692129629629632
CST,ADM,10.619047619047619
CST,AMO,11.05952380952381
CST,ARC,19.183673469387752
CST,BET,25.952380952380953
CST,BUI,14.464285714285714
CST,CON,2.2837816944959806
CST,CRE,25.952380952380953
CST,CRO,4.8338978824612555
CST,CST,19.183673469387752
CST,EDU,9.94047619047619
CST,ELE,3.306643990929705
CST,EMP,14.464285714285714
CST,FIN,4.285714285714286
CST,FIS,4.8338978824612555
CST,FOR,4.8338978824612555
CST,HEA,13.866176291793312
CST,INF,18.589002267573697
CST,INS,4.285714285714286
CST,LIB,25.952380952380953
CST,LIV,4.8338978824612555
CST,MPA,8.286633909081502
CST,MAO,8.286633909081502
CST,MBA,8.286633909081502
CST,MBE,8.286633909081502
CST,MCH,8.286633909081502
CST,MCO,8.286633909081502
CST,MEL,8.286633909081502
CST,MFA,8.286633909081502
CST,MFO,8.286633909081502
CST,MFU,8.286633909081502
CST,MIN,1.5793650793650793
CST,MMA,6.881718020662745
CST,MNM,8.286633909081502
CST,MPH,8.286633909081502
CST,MRU,8.286633909081502
CST,MTE,8.286633909081502
CST,MTO,8.286633909081502
CST,MTR,8.286633909081502
CST,MWO,8.286633909081502
CST,OFS,14.464285714285714
CST,OPS,11.05952380952381
CST,POS,11.639999999999999
CST,PUB,18.589002267573697
CST,REN,14.464285714285714
CST,REP,11.05952380952381
CST,RES,13.866176291793312
CST,SEC,14.464285714285714
CST,SOC,13.866176291793312
CST,SPO,25.952380952380953
CST,TEL,18.589002267573697
CST,TRA,14.464285714285714
CST,TRL,11.639999999999999
CST,TRR,6.787162240016911
CST,TRW,6.787162240016911
CST,VET,19.183673469387752
CST,VID,18.589002267573697
CST,WAS,3.5714285714285716
CST,REA,8.173899567380783
CST,IMP,8.173899567380783
CRE,ACC,19.183673469387752
CRE,ACF,2.8692129629629632
CRE,ADM,10.619047619047619
CRE,AMO,11.05952380952381
CRE,ARC,19.183673469387752
CRE,BET,25.952380952380953
CRE,BUI,14.464285714285714
CRE,CON,2.2837816944959806
CRE,CRE,25.952380952380953
CRE,CRO,4.8338978824612555
CRE,CST,19.183673469387752
CRE,EDU,9.94047619047619
CRE,ELE,3.306643990929705
CRE,EMP,14.464285714285714
CRE,FIN,4.285714285714286
CRE,FIS,4.8338978824612555
CRE,FOR,4.8338978824612555
CRE,HEA,13.866176291793312
CRE,INF,18.589002267573697
CRE,INS,4.285714285714286
CRE,LIB,25.952380952380953
CRE,LIV,4.8338978824612555
CRE,MPA,8.286633909081502
CRE,MAO,8.286633909081502
CRE,MBA,8.286633909081502
CRE,MBE,8.286633909081502
CRE,MCH,8.286633909081502
CRE,MCO,8.286633909081502
CRE,MEL,8.286633909081502
CRE,MFA,8.286633909081502
CRE,MFO,8.286633909081502
CRE,MFU,8.286633909081502
CRE,MIN,1.5793650793650793
CRE,MMA,6.881718020662745
CRE,MNM,8.286633909081502
CRE,MPH,8.286633909081502
CRE,MRU,8.286633909081502
CRE,MTE,8.286633909081502
CRE,MTO,8.286633909081502
CRE,MTR,8.286633909081502
CRE,MWO,8.286633909081502
CRE,OFS,14.464285714285714
CRE,OPS,11.05952380952381
CRE,POS,11.639999999999999
CRE,PUB,18.589002267573697
CRE,REN,14.464285714285714
CRE,REP,11.05952380952381
CRE,RES,13.866176291793312
CRE,SEC,14.464285714285714
CRE,SOC,13.866176291793312
CRE,SPO,25.952380952380953
CRE,TEL,18.589002267573697
CRE,TRA,14.464285714285714
CRE,TRL,11.639999999999999
CRE,TRR,6.787162240016911
CRE,TRW,6.787162240016911
CRE,VET,19.183673469387752
CRE,VID,18.589002267573697
CRE,WAS,3.5714285714285716
CRE,REA,8.173899567380783
CRE,IMP,8.173899567380783
VET,ACC,19.183673469387752
VET,ACF,2.8692129629629632
VET,ADM,10.619047619047619
VET,AMO,11.05952380952381
VET,ARC,19.183673469387752
VET,BET,25.952380952380953
VET,BUI,14.464285714285714
VET,CON,2.2837816944959806
VET,CRE,25.952380952380953
VET,CRO,4.8338978824612555
VET,CST,19.183673469387752
VET,EDU,9.94047619047619
VET,ELE,3.306643990929705
VET,EMP,14.464285714285714
VET,FIN,4.285714285714286
VET,FIS,4.8338978824612555
VET,FOR,4.8338978824612555
VET,HEA,13.866176291793312
VET,INF,18.589002267573697
VET,INS,4.285714285714286
VET,LIB,25.952380952380953
VET,LIV,4.8338978824612555
VET,MPA,8.286633909081502
VET,MAO,8.286633909081502
VET,MBA,8.286633909081502
VET,MBE,8.286633909081502
VET,MCH,8.286633909081502
VET,MCO,8.286633909081502
VET,MEL,8.286633909081502
VET,MFA,8.286633909081502
VET,MFO,8.286633909081502
VET,MFU,8.286633909081502
VET,MIN,1.5793650793650793
VET,MMA,6.881718020662745
VET,MNM,8.286633909081502
VET,MPH,8.286633909081502
VET,MRU,8.286633909081502
VET,MTE,8.286633909081502
VET,MTO,8.286633909081502
VET,MTR,8.286633909081502
VET,MWO,8.286633909081502
VET,OFS,14.464285714285714
VET,OPS,11.05952380952381
VET,POS,11.639999999999999
VET,PUB,18.589002267573697
VET,REN,14.464285714285714
VET,REP,11.05952380952381
VET,RES,13.866176291793312
VET,SEC,14.464285714285714
VET,SOC,13.866176291793312
VET,SPO,25.952380952380953
VET,TEL,18.589002267573697
VET,TRA,14.464285714285714
VET,TRL,11.639999999999999
VET,TRR,6.787162240016911
VET,TRW,6.787162240016911
VET,VET,19.183673469387752
VET,VID,18.589002267573697
VET,WAS,3.5714285714285716
VET,REA,8.173899567380783
VET,IMP,8.173899567380783
