,CRO,LIV,FOR,FIS,MIN,MFO,MBE,MTO,MTE,MWO,MPA,MCO,MCH,MPH,MRU,MNM,MBA,MFA,MEL,MMA,MTR,MFU,MAO,ELE,WAS,CON,TRW,TRR,TRL,POS,ACF,PUB,VID,TEL,INF,FIN,INS,REA,ACC,CST,ARC,VET,REN,EMP,TRA,SEC,BUI,OFS,ADM,EDU,HEA,RES,SOC,CRE,LIB,BET,SPO,AMO,REP,OPS
CRO,0.06497610695859561,0.09425109978640024,0.005149032743301028,0.006116742533014114,0.0010668371225203495,0.2161265032728384,0.18908503321948433,0.4063103137685561,0.00032210188624675766,0.03774067225041364,0.043959006028882294,0.0,0.08330903869554593,0.0030988191610917546,0.011483555634152837,0.0,0.0,0.0,0.0,0.0,0.0,0.017507853242341782,0.008633367064390505,0.03111410808439817,0.0,0.005373357176876309,0.021253404730119933,0.0006303159272187363,0.0,0.0,0.11208829613751503,0.0,0.0,0.0,0.0,0.0,0.0,0.0,0.0,0.0,0.0,0.001975191580969088,0.0,0.0,0.0,0.0,0.09960803276539237,0.0036390915775416648,0.033819220084706454,0.0164893870175326,0.07300703178513251,0.0,0.0,0.002315552318218256,0.0,0.0026236999641576202,0.0,0.021390135628435804,0.07048783844592474,0.07478011085081192
LIV,0.0075966068145347735,0.06802483802752915,0.00037638020257008505,0.015220458572050405,0.00013059306875981504,0.0,0.0,0.0,0.0,0.0,0.0,0.0,0.0,0.0,0.0,0.0,0.0,0.0,0.0,0.0,0.0,0.0,0.0,0.0,0.0,0.00035308057120845437,0.004335982828478564,0.0025121856004549003,0.004556741302336555,0.0,0.034096449694020065,0.0,0.0,0.0,0.0,0.0,0.0,0.0,0.0,0.0,0.0,0.0,0.0,0.0,0.0,0.0,0.0,0.0,0.0016789919255850733,0.001102387361355654,0.003450090114355474,0.0,0.0,0.0030978535585124063,0.0,0.0,0.0,0.0,0.006494339636498692,0.0020699493698545296
FOR,0.012274564334264238,9.617349909422949e-05,0.03813563016193034,0.013494792352910142,0.0005114098503227238,1.3606433329515455e-05,0.00018008732773289944,4.410611456055086e-05,0.0004905092118649367,0.1499509090859578,0.0063954304550289205,0.0,0.005314684156360336,0.006459836744979908,0.005636290422567514,0.00043126172858066173,1.3302778649435834e-06,4.2269205719533955e-05,0.0,0.0,0.001046274430440892,0.007817598625324534,0.00018509726916244532,0.06820426074561971,0.0008999196395546288,0.010584826316838289,0.008950882169956792,1.4911900689915248e-05,0.005165618568602781,0.0,0.012385268483712212,1.4061200907904042e-05,4.374025340622314e-06,1.8510542673659818e-05,9.600119899184381e-05,3.0271488936401608e-05,1.1832442165919718e-05,0.0002134247538853427,5.234523365275528e-06,4.955279571491985e-05,0.00018051969060782085,0.0025055899089695137,0.0,2.5781409970025328e-05,6.128475643592597e-05,3.617185310496981e-05,0.00011261835704318988,0.0,0.0032650671172164423,0.0007658297258711343,0.006807034228458617,0.0,0.00030188001489893753,1.858253986160789e-05,0.0,0.0,8.477181064901431e-05,0.00011839522420837273,0.014459399089354149,0.003225443071483357
FIS,0.003037099441318734,8.230718090914447e-05,0.0013967387283474076,0.1332188692783587,0.0011066590448509607,0.1304848691664886,0.05264302972687583,0.00210869148555952,0.00028676473332949365,0.0,0.0012292050816231316,0.0,0.0014564031986218382,0.0,0.0,0.0,0.0,0.0,0.0,0.0,0.0,0.0,0.0,0.0,0.0,0.002499361849955417,0.01487096992852436,0.001816804925645963,0.0,0.0,0.0850523402889096,0.0,0.0,0.005276353418509757,0.0,0.0,0.0,0.0023552427307937563,0.0,0.0,0.0,0.0,0.0,0.0,0.0012382725176887284,0.0,0.0,0.0,0.0,0.0004672142770240153,0.0015035504600654408,0.0,0.0,0.0,0.0,0.0,0.0,0.0,0.0012389470760729767,0.00109480003369034
MIN,0.00151892987459277,9.796258632642682e-05,0.0017118713744588413,0.003032626967843645,0.008209253316237135,2.4069205592822934e-05,0.0026407582934721264,0.0036283018815317686,0.00044591408611522086,0.00044587091775483086,0.006164505258958249,0.0,0.0018757731940500732,0.0016315357404427999,0.00255757598115179,0.12595523192641567,0.17474683348870212,0.0013845669636856277,0.0037687542963092163,0.0007982043826070969,0.00011186659076280214,3.9898591275090755e-05,0.0006895253702830489,0.09311182540704688,0.0021742988215886815,0.00758933550163978,0.00021276780440389795,0.003194573880126985,0.0005910876273254488,0.00118223359153501,0.0019213404565600048,0.002220070489478068,0.0004848574071660304,0.005627739520077421,0.002125625994741215,0.00118755607705252,0.00035221590032739355,0.014006900518675248,0.010247019116354898,0.00627301380558926,0.013247270923986464,0.0006106547499003879,0.004027935392382675,0.007696271980927374,0.020243832474604713,0.0013754823442422449,0.021973886303528027,0.006633763770458909,0.008441244057325291,0.0020458569756071467,0.0015454996029771587,0.015177508010070553,0.009017480953708149,0.003676247323572569,0.0020380249921680424,0.007029630108107552,0.00688738621693187,0.014189912177282861,0.0008396998695720637,0.0002386560175072146
MFO,6.894981486037313e-05,1.900184986580476e-05,0.0011947316788604183,0.01182277836360541,0.0007742360617772529,0.10841024802666234,0.05036749728609821,0.0030348917999597548,0.0004412143716450938,0.00029541388276164434,0.003200847548282143,1.5021934333051815e-06,0.001965063898161178,0.0005194882737356657,0.000970112500061853,0.0006921736053097786,0.00011949774855107545,0.0027668940301800097,0.0012214872879793203,0.0006496035031730742,0.0006952592372029555,0.0005510557138061306,0.0012173386522544342,0.004478451256625161,0.0006558874120272507,0.002944210244997576,0.00196771969795267,0.002700185452416045,0.0005996497952554357,0.0004327261124461431,0.02226941065377354,0.0006606625614375461,0.0001452430145428085,0.006562390108169902,0.0006710021959499712,0.00035665914571641756,0.00010733048959403333,0.0063428799468009285,0.0030310884513957024,0.0018565839173597387,0.003923574468949616,0.000187874433351152,0.001198435020988887,0.0022959936173787246,0.0071518416351202775,0.0004241913126579721,0.004057166326706421,0.0019643605852689623,0.0026018003222267614,0.0010589365656130726,0.0018555077997110183,0.005654132933881351,0.002664648732276355,0.0010871280509222063,0.0012276865177543086,0.0021595800209925197,0.002036845655803185,0.004204900170552684,0.001399514667004909,0.0010709252702661852
MBE,9.434620335684138e-05,0.0,0.0005275865027608934,1.549487919152676e-05,0.0001048172155258487,0.023941965343146143,0.036043328094869743,0.0,3.0061654445787295e-05,9.046811728280738e-05,0.0001813504497747333,0.0,4.272588601493863e-05,2.509977092061382e-05,0.00015232258199710105,0.0002254567606767626,7.504846181944788e-05,0.0022276736703446065,7.9449257276127e-05,0.00030401557023499435,0.0004864316492960166,0.0003868736115008856,0.0007450279180790318,7.683742342199415e-05,0.0,0.00041760927933091153,0.0031693464206782643,0.0027192190625939757,0.0003051754277260395,5.491327322465354e-05,0.04463666209596465,0.0,0.0,6.882770160242851e-06,0.0018488066345160054,0.0,0.0,0.0,0.0,0.0,0.0,0.0,0.0002563632500141886,0.0,0.0,0.00013300293127830942,0.0,0.0,6.213621716304123e-05,0.0,7.248519581227745e-05,0.0008629787515980603,0.0,0.0,0.00045797231366364916,5.996831282749725e-05,0.0,0.0005015816063238978,0.0,0.003713703764287629
MTO,0.0,0.0,0.0,0.0,0.0,1.431206858937218e-06,0.0,0.097216306573219,0.00015453143598891493,0.0004650498561260961,0.000896913808682903,0.0,0.0002196317082845189,0.00012902495603992975,0.0007830117058926497,0.0011589567381801768,0.0003857853730117551,0.00886605248796822,0.0004084075890524766,0.0015627869955103573,0.0025004938238422057,0.0019887173821142544,0.0038298036536947256,0.0003949815004527465,0.0,0.0021467135727237102,0.0004118779041642635,0.0,0.0015400731881727281,0.0002822807700607613,0.00010859428053248083,0.0,0.0,0.0,0.0,0.0,0.0,0.0,0.0,0.0,0.0,0.0,0.0,0.0,0.0,0.0,0.0,0.0,0.0003194101935553785,0.0,0.0,0.004436127956725199,0.0,0.0,0.0023541990811329757,0.0003082661172816539,0.0,9.587544284779846e-08,0.0,6.962452574359747e-05
MTE,0.0012981595832517925,1.54776560636325e-07,2.1901907650673353e-05,0.000602736785309845,9.597928916474907e-06,0.0014387687773228237,0.003207855968414161,6.553787029549444e-08,0.3112054979767693,0.00011280886584582922,0.00021756499540810615,4.011687409663474e-09,5.328777354427869e-05,3.131374926861787e-05,0.07256462224912033,0.0002811775271547856,9.360493068037812e-05,0.002150604893172904,9.90675402994706e-05,0.00037942596787725975,0.0006065367340535319,0.024718786084238525,0.0009289850057367446,9.581919945147099e-05,4.945094838614935e-08,0.002142859426021894,0.0015647136846344552,4.687147024226662e-08,0.001139235933327291,6.849367717989733e-05,0.00204044891196936,1.9043667849240783e-08,8.544416781625309e-07,1.5418564471222045e-08,2.873897524817563e-08,2.5837241397005996e-08,2.7993266002320093e-08,4.1453695189469836e-08,1.536621916983218e-07,1.0556412551481641e-08,3.581538950967594e-08,6.250297740088571e-09,1.844564684838133e-05,3.3470524541644664e-08,1.6944853208950642e-07,1.1802971312358318e-05,4.168217927700739e-08,1.0716650269093505e-08,0.002524197793307702,1.4667350268517326e-07,4.083917707075724e-08,0.0010760491395691923,6.3878924322969745e-09,4.3857922056132035e-07,0.0005714616702717506,7.506711842823047e-05,1.4632255603599745e-07,4.912405682844706e-08,8.105531510911281e-09,0.0004913565805128231
MWO,0.0021213596333839865,0.0,0.0044989361643485385,0.0008179830334708394,0.0,5.404006713604431e-09,0.00024274259467494096,0.0,0.0006716062991176807,0.041781286869413244,3.3866021626294796e-06,0.0,8.292939756949659e-07,4.871774644652417e-07,2.9565261576631064e-06,4.376034082559901e-06,1.4566634674417572e-06,3.34767869990003e-05,1.5420813136442618e-06,5.900832128447852e-06,0.0016183233596655145,0.012131418272166442,1.446072210115152e-05,0.001751038748793613,0.00012508658510968016,0.001557728818311196,0.0014816040833478682,0.0,5.815068448251954e-06,1.065846748151099e-06,0.0012297046538131517,0.0,0.0,0.0,0.0,0.0,0.0,0.0,0.0,0.0,0.0,0.0,0.0,0.0,0.0,0.0,0.0,0.0,1.2060414744299891e-06,0.0,0.0,1.6750105067518322e-05,0.0,0.0,8.889076767736518e-06,1.1639632363164242e-06,0.0,3.6201023883021266e-10,0.0,2.628910015351107e-07
MPA,1.1169450642112997e-05,3.003398160894263e-07,5.008191135044117e-06,2.5307519936833716e-06,8.766467934624955e-07,0.0001350139024373562,7.262464575178375e-08,8.461610160073389e-08,2.2201776840227203e-05,6.737913229168669e-05,0.23021604375335863,0.0,0.0019741030948937617,0.004914694461288364,0.00011248952878189994,0.00016649429215593144,0.01631778831696628,0.002869274173072357,5.867132931741186e-05,0.00034002554934219856,0.00036199157938860793,0.0002856966804069212,0.028365225502951837,0.0009824692808535242,0.022942965839886975,0.00031321473348102567,0.0015588368537992967,0.029183203930316495,0.00022274997453821443,0.03903676323608625,0.003456452150563732,0.18207087075686443,8.391420924601978e-09,3.8829592809778525e-06,0.004766280541233693,1.2122639976484303e-07,7.822241036442901e-07,1.0024638564830098e-07,2.5439698410015875e-07,9.391616144404198e-07,6.061293891475706e-07,0.0,2.733164012786067e-05,5.315692479369632e-07,1.4662829332947055e-07,3.366961923648358e-07,0.0,0.0010710840113955025,0.015112520367683662,0.006516047320195057,0.0,0.0006377130402790614,0.0,7.363578484349039e-07,0.0003382013294325771,4.446060097443154e-05,4.6633629043605443e-07,0.004941548839280066,3.2054488692083845e-05,0.0027247610709059643
MCO,1.5123889475302283e-07,0.0,1.0926465658058063e-06,8.017157017182534e-07,8.391868548180273e-07,8.566354818636463e-08,4.211683194157719e-07,0.0,7.276237559736166e-09,4.7446519632046134e-07,1.2906988382305532e-10,8.54060380828907e-06,3.483649364179913e-08,0.0,1.5590539648427756e-07,3.789092880168077e-07,1.771263865523206e-07,1.5471190769179033e-07,2.717219390947031e-06,6.346423893815309e-12,2.2942113695833685e-07,4.650349375946971e-08,4.507438242859436e-07,1.3456507871193287e-06,1.2708511276617583e-06,3.024656930777493e-08,3.4270326386722997e-07,4.4219053847002214e-07,8.415080576798245e-07,9.288163396243759e-07,4.621370927415804e-08,5.5476801705276736e-08,0.0,4.036975144931744e-08,0.0,6.31535451441225e-08,4.117926320474522e-09,0.0,9.418667473649023e-11,0.0,9.5613316034473e-09,3.659949782777128e-08,6.188664757072682e-09,3.233963265161234e-08,2.615593479042066e-07,1.2491974732030884e-07,7.976260015709345e-08,4.997812312591463e-08,3.2702854568921605e-07,3.277564788138781e-08,3.688892331006105e-08,0.0,0.0,1.4874051993660511e-09,0.0,0.0,0.0,8.006291540873814e-13,3.980464778595678e-08,8.785899450802967e-08
MCH,0.007479909066055118,6.0694955843721554e-05,0.0,0.0027952179838195423,0.0009174271784446869,3.784281656681293e-05,6.553963764082855e-05,0.00012266988433839643,2.0336152979872167e-06,0.0,0.0,0.0,0.01478143557308368,0.01796638480280843,0.01567590120151661,0.0011994442696134412,3.6998278686854305e-06,0.00011756099190221566,0.0,0.0,2.4624721822148186e-05,0.0,0.0005148007441992781,3.128175088928473e-05,0.0022785699599382103,2.092503371434282e-06,0.0002879657949739943,4.147364035855602e-05,6.933907229784498e-06,0.0,5.803868110426888e-06,3.9107636349684416e-05,1.216523350499938e-05,5.148234324067475e-05,0.0002670027975488435,8.41924092289179e-05,3.290891356892192e-05,0.0005935864025865063,1.4558488821395813e-05,0.00013781843582364025,0.000502069379456759,0.006968657915010519,0.0,7.170440222663513e-05,0.00017044788593611145,0.00010060276405894988,0.00031321917540259967,0.0,3.3690942470922605e-05,8.236805059060065e-05,0.013348573492536901,0.0,0.0008396021023544804,5.168258501681567e-05,0.0,0.0,0.00023577112405117628,0.00032928605488295834,4.76708104914208e-05,0.00032279340820685583
MPH,0.00045217388520155875,3.6691186689074113e-06,0.0,0.00016897592799153377,5.546011428794299e-05,2.287665965304347e-06,3.961988351067662e-06,7.415613974538901e-06,1.229356830645499e-07,0.0,0.0,0.0,0.0008935642255692263,0.0010861001046362539,0.0009476362730789003,7.25085520003378e-05,2.2366121395146995e-07,7.106772286552571e-06,0.0,0.0,1.4886084897554424e-06,0.0,3.1120626006755534e-05,1.8910378068239156e-06,0.00013774363062306626,1.2649557245992158e-07,1.74080475001308e-05,2.507155759350812e-06,4.1916709735782903e-07,0.0,3.508542108618486e-07,2.3641265840431807e-06,7.354101299577498e-07,3.112199754948808e-06,1.6140796801293113e-05,5.0895817648752754e-06,1.9894027019328026e-06,3.5883360010138835e-05,8.800866955600363e-07,8.331371013798082e-06,3.0350992230635423e-05,0.00042126783845151104,0.0,4.3346593995390145e-06,1.0303879649805853e-05,6.081617073794504e-06,1.8934659527367356e-05,0.0,2.0366777481713066e-06,4.979296021264758e-06,0.0008069451492947431,0.0,5.075544920297359e-05,3.124304728565159e-06,0.0,0.0,1.425278626238495e-05,1.990593113689382e-05,2.8817857811179617e-06,1.951343902945667e-05
MRU,0.0014879166154262908,0.0,0.0,0.0005041279527922484,0.0,0.01741990680749087,0.02098718356276738,0.019761341659440355,0.00564678751302073,0.004097133601073119,0.03156111008943439,0.0,0.009836947826777211,0.009587817707411536,0.11122133965592808,0.01745638439321104,0.00908314026921865,0.027840488370054886,0.014339589856129525,0.014550269285574013,0.03243990439974621,0.0057684220333828655,0.015217277685891283,0.0009813014944190645,0.0,0.007818875136024977,0.016099487195701343,0.02927892328393212,0.006268284607579845,0.0007013051021095315,0.0028563654097900097,0.0,0.0,0.0,0.0,0.0,0.0,0.0,0.0,0.0,0.0,0.0,0.0,0.0,0.0,0.004101813228745636,0.0,0.0,0.00494070135377918,0.0,0.0,0.011021222483531021,0.0,0.0,0.0058488285497618,0.0007658637207578265,0.0,2.3819524518690665e-07,0.0,0.0016098492292663258
MNM,0.0,0.0,0.0,0.0001159947231066172,0.006275274252469765,0.005168430921893742,0.03864213974880847,0.0,1.6649738666279631e-06,5.010604167197326e-06,9.663652204603264e-06,0.0,0.03460249309248036,0.027954345383933456,0.030280525970821436,0.027196488719250518,4.1565818636278565e-06,0.005485689845448756,0.00029058053781165526,1.914285810534727e-05,0.015352975000393652,0.007956527073649659,0.008938713863557542,0.006127557333291392,0.0056824096303946066,0.012103435144529311,0.006422175407066436,0.00216396591595771,0.001240642021252655,3.041388324615702e-06,0.00037866035136976635,0.0,0.0,0.0,0.0,0.0,5.0921996735160624e-08,0.0,0.0015732659411602204,0.0,0.0,4.2471153998621845e-05,0.00022091199102398842,0.0,0.0,0.00252357838720394,0.0,0.0,0.00029947707897361327,0.00010196391913781139,3.205773014725549e-05,4.7796340399599886e-05,0.0,9.908126744810936e-05,2.536493576107802e-05,3.3213632291467345e-06,0.0,7.548866022416899e-07,2.4822871298956365e-05,0.00037179632338198783
MBA,0.0,0.0,3.0336386426298277e-05,0.0,0.0,3.3859013551663564e-06,0.0,0.0,6.284904067677866e-08,1.89139103881075e-07,0.0057794493416738115,0.0,4.8871032299170994e-05,0.00012302860978177769,3.1845646317278185e-07,4.713559976608103e-07,0.023991981333471493,0.012204890848943595,1.6610228859133527e-07,0.0007950400021270501,0.008447249959124702,8.088255884199603e-07,0.013521366114365376,2.3409838380600053e-05,0.0005762536227290234,0.026095574269508228,3.7834551181940025e-05,0.0007329918469532912,6.330473647635439e-07,0.0009795800888987263,8.646721103913697e-05,0.004573061491132533,0.0,0.0,0.00011970973056690755,0.0,0.0,0.0,0.0,0.0,0.0,0.0,6.86487016690094e-07,0.0,0.0,0.0,0.0,2.6902347029582013e-05,0.00037854887547081437,0.0001636468290003467,0.0,0.008017082788124663,0.0,0.0,9.57469610403251e-07,1.2537403551790632e-07,0.0,0.00017644029820722417,7.975450052086814e-07,0.00038308654907202004
MFA,0.0,0.0,3.0881984737510526e-05,0.0,0.0,8.09559102880501e-06,0.0,0.0,0.00075676693194682,0.0022774288646880965,0.006247492052035189,0.0,0.0010912336033855068,0.0006713340546579584,0.003834542548283395,0.005675609816209957,0.008321804088832655,0.04668089314868679,0.002000041973163383,0.007865636420616155,0.014502163049631632,0.009739089927824617,0.022405265660842985,0.0019417553703296876,0.00018498391794556293,0.01748528156777063,0.002029128245389915,0.00023529865726386017,0.007542004550236502,0.0016967967324430365,0.0005595475801136597,0.0014680043617417203,0.0,0.0,3.8428174857457525e-05,0.0,0.0,0.0,0.0,0.0,0.0,0.0,2.2037008177874797e-07,0.0,0.0,0.0,0.0,8.635957084131689e-06,0.0016856832322631099,5.253247943932975e-05,0.0,0.02386614507135377,0.0,0.0,0.011528916459100423,0.0015096320195661043,0.0,9.358518367890224e-05,2.560209497733465e-07,0.0006834064056573979
MEL,0.0,0.0,0.0,2.1289038568953054e-06,0.0,1.2438762543131e-07,2.4373270342808027e-07,0.0,6.594007645139779e-08,1.984413260022126e-07,3.8272190209316043e-07,0.0,9.37189999093204e-08,5.505621177312754e-08,3.34118759839936e-07,2.2176651081125106e-06,1.6461839513386093e-07,8.439375468014429e-06,0.000131103512717068,6.668565091739351e-07,1.0669851920759386e-06,8.486051745888419e-07,9.266533407576931e-05,3.974876270746191e-06,2.269189578846745e-06,1.6980487992672797e-05,2.0278286678064254e-05,0.0,7.597322140715534e-06,1.204519678436254e-07,1.3130301408355558e-05,0.0,2.6104569042456627e-07,6.865515737626425e-05,4.982413959146173e-05,1.9160411247763104e-06,1.3706339617319875e-07,0.0,1.1794304063230277e-05,0.0,0.0,0.0,0.0,0.0,0.0,0.0,0.0,0.0,1.0460803047354495e-05,1.2705863417427183e-05,1.3013829527176715e-06,1.8929392245835726e-06,0.0,0.0,2.2925592579656126e-05,6.568769165910667e-05,0.0,4.0910989992023045e-11,0.0,4.166327615142849e-06
MMA,5.942228233363491e-10,0.0,1.9019516760930217e-08,2.3475564758937953e-07,8.111123981078261e-06,2.9272255525481106e-07,4.958028495734082e-10,5.77667592855783e-10,3.15869605820876e-05,9.506225774630158e-05,0.00018335053745025716,0.0,4.489625319456995e-05,2.6373403535224634e-05,0.00016005126943444934,0.00023689616867127725,7.885636757831725e-05,0.001824475342873796,8.604907904945962e-05,0.0036006456451318754,0.0005382215599003466,0.00044419547162367147,0.0008099785094854261,0.0007422328164624395,9.1028659334826e-10,0.0004818956525865678,0.00046922551705909143,0.0001926968972258524,0.0006045118078629966,5.7699507422490186e-05,2.328676425445441e-05,1.783470124528817e-10,5.7287582793963556e-11,2.020225970455575e-06,1.2573490565973886e-09,8.276032719300127e-10,5.340183564094266e-09,6.843743353149738e-10,1.7367485697738059e-09,6.4115838339643266e-09,0.0001676964025158709,1.3215131755397814e-07,0.0,3.628982215947907e-09,1.0010200381466438e-09,2.2453636995782434e-06,1.5375848584290438e-06,0.0,6.529129928960872e-05,4.431837175670143e-09,4.449050324418317e-06,0.0009173903719605081,0.0,5.0270581808765955e-09,0.00048120928438239986,6.30122316565586e-05,3.1836418513891267e-09,2.3177608683912915e-06,1.141466882598268e-05,0.0002982032113029377
MTR,0.0,0.0,0.0,0.0,0.0,9.702413055120657e-09,0.0,0.0,1.0475968673590324e-06,3.1526580292595898e-06,6.08034274873799e-06,0.0,1.4889235196654722e-06,8.74683774816298e-07,5.3081795619723186e-06,7.85677969374004e-06,2.6153096012712993e-06,6.010459135901984e-05,2.768669741266887e-06,0.00020379353962950798,0.010158217461543257,1.3481878856770584e-05,2.596293941446692e-05,0.0014356883664199927,0.0,0.0002393404798616344,2.7921956421076543e-06,0.0,0.0008732297670890835,1.9136329675507684e-06,0.0003027081857478362,0.0,0.0,0.0007463569450514124,0.0,0.0,0.0,0.0,0.0,0.0,0.0,0.0,0.0,0.0,0.0,0.0008397014010043728,0.0,0.0,2.1653401201497907e-06,0.0,0.0,3.007332275746476e-05,0.0,0.0,1.595954613863376e-05,2.089792388911459e-06,0.0,6.49957162057424e-10,0.0,4.719973938867891e-07
MFU,4.394208794465478e-06,1.190856424647003e-07,8.380553171007236e-07,7.894146051885732e-07,2.907810105402236e-07,1.3411400493206076e-07,7.306286986459809e-08,0.0,1.0474426462747637e-05,3.15219391338186e-05,6.0794476362375104e-05,0.0,1.4887043290524121e-05,8.745550089862852e-06,5.307398122820439e-05,7.907276616342826e-05,2.6149245906866233e-05,0.0006023531865755193,6.693080603285015e-05,0.00010592859217710101,0.00016948809483831247,0.00013479894133409855,0.00028687924202038494,2.7913587327176123e-05,6.802267425155098e-07,0.00015032380155861978,3.3943909836022654e-05,0.0,0.0001064694342990996,1.9133512536965717e-05,1.1282853383854046e-05,0.0,7.825272128010579e-08,2.0580507902156194e-05,1.4935601894559477e-05,5.743647093138567e-07,4.1086997915965916e-08,0.0,3.535535817701908e-06,0.0,0.0,0.0,0.0,0.0,0.0,0.0,0.0,0.0,2.4745153766292015e-05,3.8087906642317587e-06,3.9011085496975306e-07,0.0003006889553876286,0.0,0.0,0.00016614315529044259,4.054637754896797e-05,0.0,6.498614791650979e-09,0.0,5.959298134116413e-06
MAO,2.4501035668076135e-07,0.0,7.84214002304239e-06,7.418912221252099e-05,3.862706312779798e-06,7.134240954425329e-06,1.0794403962009024e-05,5.75898615872979e-06,8.233741484894194e-05,0.0002490566364568668,0.0022523083556991326,0.0,0.00013297595863535056,0.00010646553543196506,0.0004179121249741367,0.0006766941973297242,0.00033140969750409437,0.004880379097621825,0.004403308069784679,0.0009069595897861772,0.0013383060169588742,0.001058200038503333,0.005191419410569091,0.0003518643909337715,0.00025198213571662445,0.0016616229759802846,0.0008739437895099157,0.00022556984196072248,0.001060623502586943,0.0004510325186641741,0.0005119269116328399,0.0014046721847333,9.507096932545638e-05,0.002207054400689567,0.0016321435078560842,6.264155945351346e-05,8.993862785489578e-06,2.2347885857003524e-06,0.0003924895294146996,3.1501341640539865e-06,3.4831468741800052e-06,0.0,5.949795611707242e-07,1.4963044033302903e-06,6.870444439381208e-06,7.232583465999118e-06,5.23466980091398e-07,8.262775508330687e-06,0.0006188107514833802,0.00047206672888602135,4.263705300519159e-05,0.002365248918855033,0.0,4.671596840677964e-05,0.001996200481250438,0.0022891085292006752,1.5383735951704023e-05,3.988818699890616e-05,5.363650662678008e-06,0.0002036226012560537
ELE,0.0014843985680235282,0.0004093653261410115,0.009525938558607424,0.0019229347959419392,0.0015100076830298448,0.00015642684482093457,0.017162406386429973,0.023580496381447408,0.0028980156109935664,0.0028977350578865734,0.040063395687161135,0.0,0.012190733973888748,0.010603423827421868,0.016621800814260203,0.008351534105358755,0.00020924188905002038,0.008998362689511699,0.0244933029136941,0.005187566021319031,0.0007270259820755262,0.0002593027311139653,0.004481256254237415,0.09618989883126329,0.014130865393430838,0.0011709148363804576,0.0013827874872739405,0.020761678680606004,0.003841504955310329,0.007683389044642475,0.003557906256904475,0.014428337512421894,0.0031511099981487156,0.0365749311170574,0.013814538512474902,0.007717980116329423,0.0022890669063214838,0.09103147361500037,0.06659583603661436,0.04076859759007128,0.08609460686750774,0.003968672561022038,0.026177732461634465,0.0500184161964705,0.13156557364860608,0.008939321340994944,0.08899400451136102,0.04311312776395659,0.05486002307631596,0.013296116085549276,0.01004427111785577,0.09863930411428862,0.05860501246630464,0.023892095955976935,0.013245215674509779,0.045685880816830955,0.04476143139926068,0.09222087457844438,0.005457247049020814,0.0015510361433497077
WAS,0.0,0.0,0.0,0.0,0.0,0.0,0.0,0.0,0.0,0.0,0.0,0.0,0.0,0.0,0.0,0.0,0.0,0.0,0.0,0.0,0.0,0.0,0.0,0.0,0.018345422089982407,0.0006064713299718072,0.0,0.0,0.0,0.0,0.0,0.0,0.0,0.0,0.0,0.0,0.0,0.0,0.0,0.0,0.0,0.0,0.0,0.0,0.0,0.0,0.0,0.0,0.0,1.1126065547347079e-05,3.360233801265986e-06,0.0025835569821752837,8.929860606065668e-06,0.0,0.0,0.0,0.0,7.537410208227732e-05,0.0,0.0
CON,2.3117227063096206e-05,1.155440365196144e-07,4.81448282764297e-05,0.0010864654681279574,0.03993850146892667,0.0,0.0,0.0,0.0,0.0,0.0,0.0,0.0,0.0,0.0,0.0,0.0,0.0,0.0,0.0,0.0,0.0,0.0,0.17884359635587593,0.0,0.082000204388486,0.0,0.0,0.022349667005132082,0.0,0.0013917923790792651,0.0,0.0,0.0,0.0,0.0,0.0,0.0,0.0,0.0,0.0,0.0,4.191498738780943e-05,0.0,0.0,2.6578680880565327e-05,0.0075678287798226825,0.0,0.0,0.0,0.0,0.05228137190906896,0.0,0.0,0.0,0.0,0.0,0.01130250938463376,0.056171662158023355,0.002878686265912182
TRW,0.019415077564633544,0.017692878144297142,0.021369526972663817,0.033527035127040285,0.014674632262691148,0.06378270788529732,0.06077108249031518,0.061041997855681436,0.05948593103250048,0.044249938866002696,0.04384107154570471,0.07460918328866825,0.0420206403655802,0.03642179396835591,0.0698809844398813,0.033439110129088644,0.04121394359755042,0.03969963081689548,0.04369440568833247,0.04214439436886856,0.04353245765627875,0.01981756102669108,0.045139487526291655,0.061429457376728974,0.02198936052883248,0.038374313502298724,0.024117447094437174,0.02113707326269192,0.021723740520635516,0.015327480236263149,0.042386376161426056,0.02330997498862755,0.0007525671725500894,0.01524411963029201,0.008401760393984806,0.002351443191174871,0.000627474215764584,0.014520322259572057,0.010702921870600485,0.005707601622808653,0.014503827356967461,0.010302987903773955,0.006872392021989004,0.008747564359890398,0.023104153367862132,0.009555917524973727,0.023587884428080286,0.006896614232131793,0.020387212636199834,0.006910064502152528,0.02643598919402705,0.0315349223336823,0.008842819980987673,0.00398309093375206,0.010437193123448634,0.013876218032102766,0.0064545838582256805,0.015964349488707345,0.011739326503391954,0.013302631000998592
TRR,0.0003070955220283566,0.0002980779592961706,0.00031347984945868674,0.0005628007074874676,0.0002485164862596378,0.0010712580398101867,0.001008345643269469,0.0010217695116538452,0.000999931601081226,0.0007235424623808673,0.000736255846781245,0.0012573496854607917,0.0007050926314852964,0.000609297321393274,0.0011688432304032795,0.0005575056143389345,0.0006812852408614572,0.0006635850345331018,0.000736359048939828,0.0007101017357221191,0.0007326453830195457,0.0003249026674368655,0.000759592570250912,0.001180025276345035,0.00034877392585599574,0.0007062662038493364,0.0003825543501194147,0.0003275183424341092,0.0003597918068977135,0.00024246352187747166,0.0006960174041763951,0.00038544339188772666,8.102406621834717e-06,0.0002516655260313436,0.00013454725709340852,3.170475615044128e-05,6.8517896849286925e-06,0.00022249782388221716,0.00017321571620302535,9.12406790567348e-05,0.00022896543650042367,0.00016669370051468235,6.799178582261484e-05,0.00011762516560085197,0.0003381682786502148,0.00010180597702652837,0.00037665728284795667,0.00010830946143577328,0.00031278540240836666,0.00010050873204357117,0.000439673156276073,0.0005748896108546151,0.000144782222866078,6.44197310245132e-05,0.00017397327761733795,0.0002283160228522933,0.00010239088983878088,0.00026059611107771027,0.0002415964157507005,0.00022486860023325316
TRL,0.00772633229689654,0.0020254444818414356,0.00986110299739471,0.006505523039001495,0.008085108497256077,0.013118215545587779,0.03817154644773285,0.02401586543762445,0.012625023692419494,0.015403067126559915,0.011020599352460268,0.007537490444514377,0.015683074198011213,0.008663434370817985,0.026067096479223836,0.01986807509003605,0.0389441888854097,0.0172779753340267,0.0044142912742482785,0.027891102615047892,0.009468906972049232,0.016383194121214993,0.007243306994432636,0.018005998891640847,0.10839289346344634,0.02950820461905027,0.06507879223520126,0.0901000953464654,0.05828676227543123,0.14992947356987646,0.04742206400300027,0.017656129151098755,0.08247409896333292,0.06495714153146077,0.0570096572909429,0.024609681476300545,0.01553604778900539,0.053139490612589886,0.03649561187479633,0.01864644665032215,0.060915452953059224,0.033631079719107906,0.03498170723181028,0.08607284838665753,0.12756262455415443,0.10876913680390721,0.08166224040644497,0.027545601022862333,0.07579493241931921,0.02429590700524255,0.0058785136961185605,0.004219041550375509,0.03255635601651397,0.039630033342938416,0.016907308787793073,0.034013838835707015,0.03079503308161046,0.056976164564690776,0.014292039934971924,0.0088449849522917
POS,0.0,0.0,0.0,0.0,0.0,5.425041223175745e-10,0.0,0.0,5.8575698214508226e-08,1.7627882542356453e-07,3.3997841439591344e-07,0.0,8.325219124821787e-08,4.8907374986648385e-08,2.968034114824715e-07,4.393067320243022e-07,1.4623333718796904e-07,3.360709175875839e-06,1.5480836977771194e-07,5.923800477020047e-07,9.478212033383899e-07,7.538304970972227e-07,1.451700889233537e-06,1.497191624653858e-07,0.0,8.137195230481968e-07,1.5612380523844148e-07,0.0,5.837702971007943e-07,0.0465809587399014,4.1163053741042943e-08,0.0,0.0,0.0,0.0,0.0,0.0,0.0,0.0,0.0,0.0,0.0,0.0,0.0,0.0012964562693170904,0.0003749409387334255,0.0,0.00014034285541635825,1.2107358599631223e-07,0.0,0.0,1.6815303033404681e-06,0.0,0.0,8.923676534217265e-07,1.1684938368749542e-07,0.0,3.634193243915644e-11,0.0,2.639142762238859e-08
ACF,0.001859832315577882,0.00039871923093699497,0.0037471650214060005,0.0018507109812772495,0.003109699989094473,0.007138495299989491,0.018934853453041214,0.006720117431856979,0.004572577203488802,0.002766937632888552,0.004181403468191436,0.0014113262318748401,0.008240840173035977,0.012081874586930363,0.01356295483048156,0.0038506937447407314,0.007458438519720264,0.008282684662436878,0.0020172686273708636,0.00816309961193727,0.004420257875556709,0.012091700286468127,0.002786497255491844,0.007847060212886437,0.01134718095207421,0.00793332705361686,0.025752956989486347,0.019404746822537865,0.025961205650862868,0.008711763916814328,0.024500850556100226,0.013348179052099226,0.005463142095073463,0.00522275663250301,0.006023098951583616,0.01040926256879856,0.0028830070546320406,0.014137512740512816,0.008656317836623002,0.005143857816107355,0.015433342747019865,0.004765846532676652,0.004703854128475014,0.015981449104618854,0.06732101969754281,0.02799676961258682,0.03173261117392155,0.009130236817724197,0.02628928847221236,0.008816628525185935,0.02381181259087098,0.00565516057167295,0.008020116239550004,0.003869023231089273,0.0019058280995306559,0.011521708161725661,0.00702681019987198,0.015262981023203198,0.0067381189532116186,0.0031790672308349035
PUB,0.0,1.574068068819765e-07,0.0,0.0,0.00026695122130805096,6.52818001718898e-05,0.00021927327146763524,0.0002415881456722136,3.1717999724812945e-05,0.0004169812290722519,0.00012438183293433678,0.0,0.0002846767259775161,4.158757913305954e-05,0.00021814521005603603,0.00022380658042782525,2.0987567863555794e-05,0.00011988793341851606,0.0,5.192047201238536e-10,9.546631712732308e-06,7.445375093342677e-05,2.106339239897396e-05,7.078394761428831e-05,0.0023891099435947856,0.00016145628296753269,0.00037067861554573167,0.000621021675725014,0.0004283142173262063,0.0019135978454217519,0.00020866960541052166,0.00011432243981335152,0.0026069677831280515,0.0023367869392572076,0.0018287508353178785,0.0005057415489773316,0.0003339424604965761,0.0007400772486123979,0.0008490701150323928,0.0003408471708563127,0.001059141462167955,0.000907644591949559,0.000975488030105346,0.0009692314376090965,0.0003407239737996073,0.0007158708353549667,0.0,0.0003449261072008873,0.0004396022202301495,0.0003057687450935524,5.3013255206899805e-05,0.0,0.000825516060164676,0.0010643398877345684,0.00035637213677518887,0.0006345710913213195,0.00042479614313917533,0.0004465672291970165,7.342190197433387e-05,1.5574582656835306e-05
VID,0.0,4.702012582341576e-10,0.0,0.0,1.5558135592105772e-06,1.6096289857412515e-06,3.6931885011812428e-06,6.717472326551049e-06,2.1046787517987928e-07,1.2455947900449295e-06,4.01303684417078e-07,0.0,9.534296033239685e-07,1.2415455393524395e-07,2.028280356406019e-06,6.021816211340896e-06,7.860053594270017e-07,5.426674004026441e-07,0.0,3.862139520049823e-05,2.8517434106839918e-08,2.387204968738172e-07,6.597670295593386e-07,4.7507043570113154e-07,9.381443511520221e-06,4.95906315106546e-07,1.6609998301705902e-06,2.2369394092419218e-06,1.6742466699792297e-05,5.715651481430016e-06,1.0532148106861438e-05,3.718173819167961e-07,0.00010194851182008236,8.196629229060577e-06,7.534719552903953e-06,2.6420882136025424e-06,3.614767834924562e-06,4.331345791694448e-06,1.8492963604270394e-05,1.5682541198559177e-06,5.093691080533111e-06,2.7112908114838206e-06,3.331133070457024e-06,2.895261332793615e-06,8.03111962514968e-06,8.963993968297211e-06,0.0,1.0303373796823054e-06,3.010114411422982e-06,1.5848697374337064e-05,1.2769390904723049e-06,0.0,2.4659587337476212e-06,5.1663638227648916e-05,4.743593921961082e-05,3.302496030503053e-05,1.6550655288716548e-05,1.5512307487877826e-06,6.379097537495148e-07,1.436048628603497e-05
TEL,7.156185383558819e-06,1.0217154067696262e-05,0.00022905075756385034,0.00017670847238035632,0.017339377434598558,0.004239480353800865,0.014238829345468957,0.01568825645929349,0.002058953761489977,0.027112845249841075,0.007998682870451797,0.0,0.01850768792831188,0.0026989993970072327,0.014159886371906034,0.014527112002912844,0.0013573285209493907,0.007824101095222167,0.0,0.0011409655073254654,0.0008477097814368745,0.00483273537703539,0.0013590681311279331,0.004601494594606467,0.1550786335320216,0.0104812696717049,0.024059964933774686,0.04030290227057904,0.027903382858238592,0.12419722567808429,0.013545406718355992,0.007362358926074689,0.16921695201097386,0.15199827457511142,0.11871636388693578,0.03283725948213672,0.021740258249571834,0.04804608357123502,0.05513339988760589,0.022201340458853813,0.0687978866143222,0.058914508326271084,0.063318164352055,0.06295576642364652,0.02212818477833324,0.04649430401002013,0.0,0.02238853164590668,0.028557718045771015,0.0198984246841049,0.0034410493853999657,3.489110627457892e-05,0.05358360886123708,0.06914601928169306,0.023131839715142245,0.04120394525506119,0.0276115294207676,0.02900624238786743,0.00479051272238829,0.0010102969386042659
INF,8.228158826864295e-08,1.3072953164683388e-07,0.0,0.0,1.299801243447404e-05,4.169671191259726e-06,1.5681460875629982e-05,1.2682276853519342e-05,4.945390905945014e-06,1.9532154968897437e-05,5.832977225737615e-06,0.0,1.3932937000428773e-05,2.2984213822650075e-06,1.247543275719076e-05,1.2838211890055508e-05,1.4493696051897875e-06,6.629247879632609e-06,0.0,1.4749196325153724e-06,6.586528898562036e-07,4.391578114186317e-05,1.1435462913331692e-06,4.2027875154327326e-06,0.00011248335164910635,9.215819941367596e-06,2.60552487706278e-05,3.7007138284079e-05,2.2699219494330437e-05,9.120887000262268e-05,1.312727990455375e-05,1.061916572348329e-05,0.00012132377085126988,0.00010923347742693143,8.966796993985044e-05,2.635318418615077e-05,1.740462086470506e-05,3.717699216963132e-05,4.239992523494406e-05,1.8743896423829524e-05,7.070875498942134e-05,5.355978726207082e-05,4.539751893355446e-05,5.249388512924793e-05,3.1654358188584376e-05,6.068302970290904e-05,5.309504620589157e-05,2.85372335188552e-05,4.60478907469064e-05,1.9026896609269076e-05,3.0545944574803893e-06,0.0,5.203258909015025e-05,5.4521860564720384e-05,2.144907847241685e-05,3.770965785780773e-05,2.6209708733397503e-05,3.1227730763385436e-05,2.6435534903570192e-05,8.394983136542977e-06
FIN,0.0001557227198334935,1.61999594205591e-05,2.9699147094288316e-05,5.359697430580964e-06,0.01072065479515016,0.007985126026397449,0.0015817642244824895,0.0006375364975138332,0.00024702207596717727,0.0011533958712181525,0.00037839839035839736,0.0,0.021098023701871162,0.0009351384738781249,0.000982770770680881,0.0009614728965208111,0.000418899049394565,0.0041297031594166615,0.008708759604572033,0.04202821478176319,1.7229023541888288e-05,0.01149892761648107,0.00017548525057551386,0.004225595783029047,0.0004820525345538447,0.003396578378359153,0.010664313780510203,0.0010592165881150993,0.005519338366820082,0.00013497286022381015,0.0024095267318796675,0.0005297429452895769,0.0001390837820215861,0.0017612722099984962,0.0028386293366478147,0.029449984649933442,0.0524795976417651,0.030041220523750713,0.022462800171229157,0.0032576154191852427,0.0035768273686044368,3.0148726541769787e-05,0.00028257377800225284,0.002806699162559915,0.002708570534969718,0.002254906032700119,7.47163102848693e-05,0.00016985240168990913,0.003750525037156087,0.007821085235609052,0.003633632311330417,0.0,0.0,0.002979153289604393,0.005430006044620604,3.029759535107086e-05,0.0014608668366506623,0.020320850920950095,0.007262876668602079,0.001369085551680751
INS,4.574089242345032e-07,8.091632977681267e-08,8.723617810943761e-08,1.5743196873043407e-08,6.128982762455942e-05,4.5672204758918614e-05,9.047153332592949e-06,3.646491910018391e-06,1.4128822508561022e-06,6.597032059885088e-06,2.1643100819901496e-06,0.0,0.00012067351915735642,5.348673986573667e-06,5.621114522329937e-06,5.499297926530103e-06,2.395960075522628e-06,2.3620497368095383e-05,4.981114268470227e-05,0.00024038709280465863,9.854415426882894e-08,6.576995464714625e-05,1.0037159426112336e-06,2.4168970557625082e-05,2.7571765292014756e-06,1.9427272990220136e-05,6.099624739630584e-05,6.058358595282124e-06,3.156873807499444e-05,7.719988499442537e-07,1.3781673314446779e-05,3.029949456887123e-06,7.955119243121773e-07,1.007387795074489e-05,1.6235994256003408e-05,0.00016844389489061053,0.0003001654477633485,0.0001718255629820762,0.00012847957633824652,1.8632452131499202e-05,2.045823590337343e-05,1.724404608373576e-07,1.6162258937123677e-06,1.6053364521155204e-05,1.549210214944119e-05,1.2897295508817893e-05,4.273518803435848e-07,9.714979629789881e-07,2.14517274848478e-05,4.47339472334976e-05,2.078314085376782e-05,0.0,0.0,1.7039743468194748e-05,3.105778757808351e-05,1.7329193978936637e-07,8.355661397009217e-06,0.00011622835520303128,4.154118410286645e-05,7.83070366605733e-06
REA,0.0,9.889968964655926e-06,0.0,0.0,0.0808751490267646,0.006067088184637727,0.02709026852515061,0.015873405682400588,0.0017608770272446205,0.14955617284850284,0.006872821031029195,0.0,0.00190652304404034,0.008149766232229997,0.014877655266210592,0.014032040504144456,0.0014845175246399752,0.006002110991647552,0.0,0.0,0.000609619962842542,0.04552681066534258,0.0006662295839579281,0.0048935655530192535,0.011233080501497895,0.0006124502453070717,0.009060105470394092,0.0029997839937542883,0.034670269116541357,0.0026404252364495514,0.01781171201380239,0.009009823949658517,0.0,0.017930381558723847,0.008494992897238693,0.013239266235220306,0.007692096470795208,0.05894645056364228,0.010913543709557279,0.010124029682317251,0.02226866960918752,0.01974030529007518,0.02112388698258914,0.042379363386841166,0.014371757245079502,0.0034226790176382837,0.0,0.008837990704675813,0.04918466682690079,0.07077586961251886,0.008112951152143406,0.0,0.0,0.001504922186179,0.013319659530583991,6.0873448019542084e-05,0.0,0.009165759953639307,0.0027909547663578977,0.0017041536862038994
ACC,6.396791806093734e-05,9.506407011612338e-05,0.0,0.0,9.713279451996817e-05,1.451410998079227e-05,0.00011988970111982952,7.021109503248279e-05,1.5552484360959743e-05,4.614480912889332e-06,2.7764890057291386e-05,0.0,0.000223226722429777,0.00016807416167257755,5.1782001860000936e-05,2.2394615232110102e-05,5.057547435258459e-06,3.0411069083957807e-05,0.0,1.7181790717915447e-05,0.0001459422524292171,2.0616507842256e-05,4.724738454925008e-06,2.123703707050896e-05,4.299339266595766e-05,1.8830752597365905e-05,2.3225137805179715e-05,9.903375862076883e-06,6.0915906492552465e-05,1.1195582469412541e-05,3.5606124702873486e-05,3.8257503141516585e-05,2.829888431373304e-08,0.00020866544815466938,3.757794384989656e-05,0.01134534742777636,0.007831748103570282,0.01681969546570076,0.011892073294411165,0.00047509373710285927,0.001930364227063806,0.00032422692956283577,0.03807791891600156,0.00045607581031590835,7.180427212818223e-05,0.0002376493590416398,0.0001439116957287339,8.485397100504409e-05,0.00043129539989143,0.00039669021526948496,0.00021920602445624817,0.0,0.0,0.0,0.0,3.1093300844885096e-07,0.0,5.066523239529018e-05,0.0005216096123133972,2.0149131729832345e-06
CST,1.82129468961964e-05,2.706664392472297e-05,0.0,0.0,2.7650676155611245e-05,4.120945448380938e-06,3.4108633901984926e-05,1.9985781340485204e-05,4.424309589853663e-06,1.311269961405733e-06,7.903644967790032e-06,0.0,6.354327853957175e-05,4.782975119134981e-05,1.4723138714013088e-05,6.375366535722164e-06,1.4395641389657413e-06,8.647051855706222e-06,0.0,4.891037965110656e-06,4.154780894805959e-05,5.865374491749726e-06,1.3421310137429195e-06,6.046609614983401e-06,1.2241079610664642e-05,5.354853568825859e-06,6.580217513389236e-06,2.8133875825509705e-06,1.7304749567251908e-05,3.1876064622449286e-06,1.0099256589776015e-05,1.0871360942927051e-05,0.0,5.941123052796019e-05,1.0695818775767076e-05,6.744241984513805e-05,4.80247620162306e-05,0.0003109428810295142,0.00023158900821266152,0.00013526761466845178,0.0005496117873320485,9.231389780138499e-05,0.0,0.00012985391373860925,2.0356982865958068e-05,6.765149387908896e-05,4.0968524381571875e-05,2.415704390462433e-05,0.00012278255424765883,0.00011293533470916723,6.235822746754612e-05,0.0,0.0,0.0,0.0,7.664413333232243e-08,0.0,1.4425405970221256e-05,0.00014851269914020846,5.724098038496718e-07
ARC,0.0010557404168322706,0.0008811832008040489,8.99373406337654e-05,1.6248129761236435e-05,0.0009183363773627909,0.0001322881290931874,0.0010945363260884248,0.0006413299700871257,0.00014202158925516415,4.210611484410013e-05,0.000253631510375862,4.91470640983162e-08,0.0020387566140231553,0.0015346020541728918,0.00047250633523070445,0.0002046341677247796,4.6436057315820066e-05,0.00027751866753215773,2.878267342498126e-08,0.0001569511040185773,0.001333042212121406,0.00018823246283988782,4.310375867247888e-05,0.00019409928782576025,0.00039309732069075837,0.00017196885828884952,0.00021147779536391534,9.075216550190336e-05,0.000555488598388988,0.00010254411930022593,0.00032428597198337216,0.00034888523499904947,6.86128973472041e-08,0.0019061828955787732,0.00034326116333764,0.0021638802196220722,0.0015408509914899503,0.009976410707102623,0.007430310838042473,0.00433993738344618,0.017633755399291275,0.0029618410866181534,8.763345755041839e-08,0.00416659436889368,0.0006538706125329985,0.002171067709379399,0.0013148907382879626,0.0007751602393640027,0.003939707506509212,0.0036234642988055626,0.0020007072532100367,2.3157446613962117e-08,7.825788172503306e-08,4.511255827421665e-08,6.8002369788798836e-09,2.5475949295393653e-06,1.1329439237691158e-07,0.0004631123475519904,0.004764879105765392,1.839716499179789e-05
VET,2.046296870428183e-06,3.041044871641366e-06,0.0,0.0,3.1066632107880888e-06,4.6300457703460726e-07,3.832240395033968e-06,2.24548185657082e-06,4.970887423722557e-07,1.473263845551214e-07,8.880058814612707e-07,0.0,7.139339545289465e-06,5.373862381197509e-06,1.6542030702157777e-06,7.162977339271405e-07,1.61740744599735e-07,9.71530595878318e-07,0.0,5.495275277633157e-07,4.668061237323314e-06,6.589981036436956e-07,1.5079374627179635e-07,6.793605890557727e-07,1.3753338787363684e-06,6.016390517109526e-07,7.393135543154285e-07,3.1609526115061923e-07,1.9442572959132827e-06,3.581402375477563e-07,1.1346915615081364e-06,1.2214405500436984e-06,0.0,6.6750875512101574e-06,1.2017176908416739e-06,7.57742354654485e-06,5.395772621364986e-06,3.4935666806643955e-05,2.6019944242527025e-05,1.519785338111016e-05,6.175106569947158e-05,1.0371832809079981e-05,0.0,1.4589602594825567e-05,2.2871878212454283e-06,7.600913844067812e-06,4.602976317115332e-06,2.7141397612679844e-06,1.3795107290003351e-05,1.268873309153452e-05,7.006194353915187e-06,0.0,0.0,0.0,0.0,8.611272578155137e-09,0.0,1.6207516147584261e-06,1.668599119085543e-05,6.431251333987101e-08
REN,0.0009703142913673814,1.9334411120612353e-09,0.002435974391539597,0.00015939408941824013,0.0010779988835880176,1.1142874555042241e-08,3.157597364833332e-08,1.7966915273085504e-08,1.0839284128003773e-08,1.4011766087446166e-08,8.178862660104359e-09,7.208139857046536e-09,1.4122458170912786e-08,7.592683341287536e-09,1.9797672623800704e-08,1.3096591516262194e-08,3.66915582028082e-08,2.11736196999171e-08,4.2214024237934e-09,2.172258955327344e-07,4.812547233314646e-08,7.331025890181932e-09,6.557037943368579e-09,1.6336063146872342e-08,5.471494357277549e-08,2.4545425924919518e-08,5.2881683722669444e-08,7.211912442665281e-08,5.081085829002038e-05,4.020779375397556e-08,3.92633074148129e-08,1.397669270550219e-08,1.0191880472621653e-08,6.76954610606835e-08,1.7569507658399163e-08,1.4017098467480791e-08,1.8241310119363473e-08,3.6121754995266736e-08,1.796319630012253e-08,2.3493843069583503e-08,4.108649519857941e-08,1.1230441372429778e-08,0.002157167453552429,6.829775544586579e-08,1.1148635553155636e-07,0.0013679593386561253,6.921836076357794e-08,1.682133417367536e-08,6.369271452240154e-08,2.3064583757923226e-08,4.289032762304103e-09,9.90971808241097e-09,1.1477669454716638e-08,1.791789282408798e-08,9.973547780345472e-10,1.5683676818796355e-08,2.3773524963278917e-08,4.699901312026896e-08,1.2440504726550024e-08,4.769172038946866e-09
EMP,0.0,5.8042867444823e-08,0.0,0.0,3.652178426443164e-05,5.1582197077793465e-05,0.00024063049745251874,7.310651510122138e-05,0.00014874010397777917,3.2311974123326846e-05,1.0729691417675597e-05,0.0,3.5478974425175045e-05,9.006414340534288e-06,0.00011018545367407661,0.00011638099893282233,2.1348514373186412e-05,5.081259671450827e-05,0.0,6.177748112749421e-05,1.7562381653057716e-06,0.0017237918721430235,8.330729669182294e-06,4.209855577791472e-05,0.0002088191341005338,8.186606036577413e-05,0.0003973025567516162,0.0003849079963128017,0.0001422223432989451,0.00021607585711451435,0.0001569592008852463,0.0002324612137747869,0.0001699408400429457,0.00016147297013843206,0.0003111504339866786,0.0001397908184213847,9.178407276019654e-05,0.00010481165178548428,0.00013356450353880372,0.00011875965294815681,0.0008742091586883915,0.0005227680410204944,6.35892904523337e-05,0.0003523710983039764,0.0006900538052730756,0.0011974062208023033,0.0022498568579684642,0.000548744988214712,0.0010933453734163828,0.00020227798664858803,1.6456157139389076e-05,0.0,0.0006327338300153344,0.00028153914949957166,0.00023006546229967416,0.0003890913180674602,0.0003015536424930299,0.0004705449415526265,0.000955062043465656,0.0003270855832703084
TRA,0.0,2.8569759302653776e-06,0.0,0.0,0.00276063552263323,0.00211110305590637,0.009359288106302013,0.0038469388387816043,0.005189802992006938,0.0034793333748332463,0.0010678569944791178,0.0,0.0028271260241863497,0.0005416003981629955,0.004960893717875336,0.005201958659577746,0.0008386676867893271,0.002398320373551403,0.0,0.0020799721193911,0.00011388126936878807,0.05846496055223923,0.0004004712298471698,0.0018233326627260713,0.02073179525618071,0.003682297662273748,0.015502525196587506,0.016520146826085155,0.007244876683662662,0.018248540788882602,0.006481264155732196,0.008477000847552834,0.020672919219311824,0.01883830242409322,0.020963982124626163,0.007607063668203523,0.0050054505001792746,0.007773296496480183,0.009366454715767246,0.005953284443224335,0.035507833102560844,0.02280639153978395,0.007735493507047775,0.017422541874586958,0.025187352236283513,0.044420791149582875,0.07574992459691893,0.02045372572629494,0.03933232053043898,0.008563875302988562,0.0008580949406003318,0.0,0.026037789669078135,0.015583173331646456,0.009789851929795675,0.01673955635463801,0.012589189868111052,0.018403634498446904,0.03257685013801167,0.011101813226655061
SEC,0.004571701910927224,0.0005083544033505236,0.01060423787985857,0.0008219412964660846,0.007066092487504346,0.00107907567787915,0.004684211617645906,0.0015242499331254557,0.002496340610032695,0.002004406470020793,0.00028197324136504544,0.0,0.0014905920390171409,0.001121037376975672,0.002044563094444814,0.0019803819386269845,0.00037068278608296033,0.0009700926992164019,0.0,0.0010923730118905094,0.0008033002232588394,0.03137433804599545,0.00016159090936206737,0.0014614770629189841,0.0012964956166638664,0.0012637272618227723,0.006364886600076837,0.005693931859873685,0.0029899668938189873,0.005400171489737176,0.0029120313631804417,0.004016968139284951,1.1614215011289783e-05,0.0014903996161385429,0.0035590835517984023,0.0031752777374388333,0.0021340779908673325,0.00747822279182971,0.007957031699828396,0.004340248415689282,0.023679445770418937,0.009485605302626198,0.010260183685345944,0.007885679388904224,0.01138281170918872,0.04527470129325286,0.037220220423232996,0.015581063261590084,0.020281144405511722,0.00681403122552489,0.0016982202078891606,0.0,0.009380341607193154,0.0034830770982620905,0.003519404356344869,0.005758705460389773,0.004492782981536366,0.007584967813354475,0.018221545990721587,0.00538160523597451
BUI,0.0,4.076985098525895e-09,0.0,0.0,3.333951588741427e-05,2.501062259002861e-06,1.1167539704807008e-05,6.543563348002369e-06,7.258940271773295e-07,6.16521942864481e-05,2.833213029128675e-06,0.0,7.859343207574074e-07,3.3596137261920296e-06,6.133080805219303e-06,5.784489338819581e-06,6.119691424803464e-07,2.4742764269631743e-06,0.0,0.0,2.513062996613176e-07,1.8767715988729492e-05,2.746427310035625e-07,2.0172958994733536e-06,4.630661833097268e-06,2.5247303936229584e-07,3.734886846043277e-06,1.2366140566304815e-06,1.4292276452551967e-05,1.0884740266878126e-06,7.3425998321151855e-06,3.7141590751571626e-06,0.0,7.391519496880834e-06,3.5019280220087512e-06,5.457680539676806e-06,3.1709465216655236e-06,2.4299752751279118e-05,4.498937785850171e-06,4.173472970375217e-06,9.179910926425495e-06,8.137632261092575e-06,8.707992184680962e-06,1.7470230051341353e-05,5.924532254572062e-06,1.410945919225541e-06,0.0,3.643323506134706e-06,2.0275610009076683e-05,2.9176245828137424e-05,3.3444372849463122e-06,0.0,0.0,6.203806452193707e-07,5.4908214189243e-06,2.509412732825476e-08,0.0,3.7784412550937584e-06,1.150527472205959e-06,7.025107165736174e-07
OFS,0.0,3.5403600710233495e-07,0.0,0.0,0.0001416677897928867,0.0003659184691613579,0.0016770206378010444,0.0004249892629252003,0.0010867561969435857,3.801136654720985e-05,0.02606293872769297,0.0,0.0003452151490529928,0.0006008388937122889,0.0007110450979853197,0.0007542159811754441,0.0019887758143927597,0.0004991308597792392,0.0,0.00046923883027581123,8.401676792661335e-06,0.012736314151065575,0.0031999287079908134,0.0003825095882807324,0.002990183947407476,0.0005291397306350776,0.002934486102206747,0.005855224149829578,0.000846938329800142,0.005090701671708864,0.0014516540124707958,0.02227573893145655,0.0,6.775497536887276e-05,0.0019616300717653743,0.0007914947669682915,0.0005187719150969364,0.0004191361656329998,0.00057953437926557,0.0007153099989228729,0.005965807819118618,0.0034350103393611686,3.0935945866672574e-06,0.0021427237399766898,0.004948320267117504,0.008526305425104472,0.016670104652043306,0.004020511888706238,0.009594063176834432,0.0020885505330196525,9.632505407284594e-05,0.0,0.004289459536720546,0.0015719638058377733,0.0015325214861346428,0.002576439138417308,0.0020291578193526428,0.0038300480359690727,0.007044574675728802,0.0027231425928979447
ADM,6.884104881876564e-05,1.6232705044239977e-05,0.0,0.0011904998359952691,0.004889542728944866,0.0014735569151493313,0.00035109094245794684,0.00019693630742223864,0.00013841237445452774,9.357604268435341e-05,3.603284751652758e-05,0.0,4.750826121240226e-05,0.00020940176710846812,0.000249341205415658,0.0003240576998059509,1.1378503765115886e-05,0.0003353014832952981,0.0,0.0,8.974238696196563e-06,0.026353016326734816,0.0001413560136107392,0.006308323687587046,0.0006118197114202765,0.0,0.0007577560102284788,0.00020974991136207946,0.0014512356199952374,0.03553608066121213,0.001632237488498295,0.0004953874722476296,0.00010783963152301083,5.576877583712585e-05,0.0013187650765144104,0.00016074206906162373,4.908780002324323e-05,7.820612151209871e-05,0.020659900056329502,0.0011230832586455826,0.0007748874260751415,0.0,0.00559917355214281,0.0022201047712727055,0.0,0.1798271856610114,0.0,0.0602711865136835,0.001069849464916402,0.00795270449995818,0.0020440135770891945,0.0,0.0,0.00024574056862142196,0.0,0.0011351774374574442,0.0005139232839966793,0.000437891190159674,0.00013086197220438288,0.0006130998531169626
EDU,0.0,0.0,0.0,0.0,0.0,0.0,0.0,0.0,0.0,0.0,0.0,0.0,0.0,0.00023785732861265064,0.0,0.0,0.0,0.0,0.0,0.0,0.0,0.0,0.0,0.0,0.0,0.0,0.0,0.0,0.0,0.0,0.0,0.0,0.0,0.0,0.0,0.0,0.0,0.0,0.0,0.0,0.0,0.0,0.0,0.005153719186760923,0.0,0.0016819660595940855,0.0,0.0,0.0,0.0007351881439659403,0.0033505625023388668,0.0014388874183023303,0.0005148159111521085,0.0,0.0,0.0,0.01237848058942369,0.015407435946398255,0.0,0.0
HEA,0.0,0.0,0.0,0.0,0.0,0.0,0.0,0.0,0.0,0.0,0.0,0.0,0.0,0.0,0.0,0.0,0.0,0.0,0.0,0.0,0.0,0.0,0.0,0.0,0.0,0.0,0.0,0.0,0.0,0.0,0.0,0.0,0.0,0.0,0.0,0.0,0.0,0.0,0.0,0.0,0.0,0.0,0.0,0.0,0.0,0.0,0.0,0.0,0.0,0.004286012982708224,0.001294438329153567,0.009614604007813261,0.0034399849909654886,0.0,0.0,0.0,0.0,0.0290358149257574,0.0,0.0
RES,0.0,0.0,0.0,0.0,0.0,0.0,0.0,0.0,0.0,0.0,0.0,0.0,0.0,0.0,0.0,0.0,0.0,0.0,0.0,0.0,0.0,0.0,0.0,0.0,0.0,0.0,0.0,0.0,0.0,0.0,0.0,0.0,0.0,0.0,0.0,0.0,0.0,0.0,0.0,0.0,0.0,0.0,0.0,0.0,0.0,0.0,0.0,0.0,0.0,7.866540904700713e-05,2.3758098974457036e-05,0.0001764662776690224,6.313742574313786e-05,0.0,0.0,0.0,0.0,0.0005329228509953385,0.0,0.0
SOC,0.0,0.0,0.0,0.0,0.0,0.0,0.0,0.0,0.0,0.0,0.0,0.0,0.0,0.0,0.0,0.0,0.0,0.0,0.0,0.0,0.0,0.0,0.0,0.0,0.0,0.0,0.0,0.0,0.0,0.0,0.0,0.0,0.0,0.0,0.0,0.0,0.0,0.0,0.0,0.0,0.0,0.0,0.0,0.0,0.0,0.0,0.0,0.0,0.0,3.457354431523824e-05,1.0441713806488585e-05,7.755714671857032e-05,2.7748976498374788e-05,0.0,0.0,0.0,0.0,0.00023422025040866962,0.0,0.0
CRE,0.0,6.35468120944889e-09,0.0,0.0,4.2968706278196896e-05,6.268283732656241e-05,0.0001378158406479648,0.00026426085027382427,6.192558698456652e-06,1.6833978361972278e-05,6.385983989736598e-06,0.0,1.586783719708229e-05,2.562587820637725e-05,6.724196280975945e-05,0.00023626872212516257,3.1557331435595e-05,1.267405341587399e-05,0.0,0.0016393859554250895,3.854077365530706e-07,3.698281159914715e-06,2.6197363061451213e-05,1.4048351102154945e-05,0.0001917457694231674,7.095816465090404e-06,3.8469399924349436e-05,4.129241672926861e-05,0.0006736596881776644,7.724595039410616e-05,0.00042903130176628917,5.982567723000826e-06,0.0041021576810165595,0.00014596523849162097,0.0001617790261676641,6.844047667109554e-05,0.00012457652704169755,0.00011989243287144025,0.0007115993206490879,3.7110153997996554e-05,0.00012467632368775715,3.664258330101602e-05,5.708989599961361e-05,0.0005580156934106282,0.0003114540017725367,0.00048797308997805213,0.0,1.3924815111403534e-05,8.978520207958396e-05,0.0006557552746595557,0.0003674583532806694,0.0,3.332696660037142e-05,0.0021010100335945472,0.0019827420232011637,0.0013469864246695767,0.0019121120596109762,0.001141000932280176,2.07321053024236e-05,0.0006082234635985249
LIB,0.0,1.9497699847731611e-10,0.0,0.0,3.705704117414383e-06,6.3763575720028895e-06,1.3792424594000551e-05,2.6982382080950297e-05,5.542803863499858e-07,5.165071960760238e-07,3.006514525564032e-07,0.0,8.113520276283086e-07,7.66416244792944e-07,6.3966851038720695e-06,2.4100863656900577e-05,3.245952224099412e-06,9.698659721361057e-07,0.0,0.00017187674163157327,1.1825242083162013e-08,1.648280913925455e-07,2.6839513089457708e-06,1.2609528430748837e-06,1.295061469766797e-05,2.6055552587609837e-07,2.923459897962694e-06,2.470350461135219e-06,6.934559422388189e-05,2.370092701106033e-06,4.435587749396441e-05,2.8773896980776664e-07,0.000422273994019735,8.307184944362529e-06,1.1486222362884114e-05,5.661303038896739e-06,1.2061077601717214e-05,1.035405713718991e-05,7.206356247605846e-05,2.8702432880547374e-06,9.900361781037311e-06,1.1242831344338568e-06,3.0649067180454904e-06,1.6691226092346034e-05,3.16334098616098e-05,3.6318061709927695e-05,0.0,4.272470270791909e-07,8.097375306241201e-06,6.712756898117596e-05,1.4532272300657677e-05,0.0,1.022551989930227e-06,0.00021708786546535927,0.00020680798340153692,0.00013932110021145315,0.00010574068073124871,3.476975436822251e-05,1.953780514424617e-06,6.37208657918479e-05
BET,0.0,0.0,0.0,0.0,0.0012726657502275774,0.0023739183597547304,0.005098456936510596,0.01006173060324955,0.00019419420444520414,0.0,5.582239522254206e-05,0.0,0.00017298276322939556,0.0,0.002310183005831213,0.008983467141407948,0.0012142262440167266,0.0003097250486486121,0.0,0.0648116392608329,0.0,2.7377501718039305e-05,0.0010022979180547291,0.0004424228212111707,0.0037675824508629344,2.2837050125824344e-05,0.0009292495583358024,0.0006415247156418493,0.025948921843772302,0.0,0.016628348353466636,5.5537352400315926e-05,0.15801428093824374,0.0020410128407208766,0.003477078214172592,0.0018985517190352034,0.004392036772178925,0.003558650544753227,0.02677729026703213,0.0009231127655419132,0.0032385401010857147,0.0,0.0007000858018695002,0.0,0.011769244991772853,0.011454169804231237,0.0,0.0,0.0028480795424559945,0.02506353241391038,0.0018771191893880972,0.0,0.0,0.08136280686209386,0.0778171285489392,0.05223909174163423,0.025644673367448422,0.0003647123528783117,0.0007024414394154955,0.024020728444004547
SPO,1.2164962410391455e-05,3.296776352605283e-07,2.320078973761903e-06,4.186962431930596e-07,0.00010227677447160417,0.0001892764909407563,0.0004065085196337536,0.000802238650520003,1.5483429506909274e-05,0.0,4.450813163061955e-06,0.0,1.3792205735616993e-05,0.0,0.00018419476431357905,0.0007162668968881313,9.681229421023798e-05,2.4694897414551878e-05,0.0,0.00516754066162412,0.0,2.182854113167731e-06,7.991489346172188e-05,3.527511330238497e-05,0.00030039566554554496,1.8208362951878364e-06,7.409062526826764e-05,5.1149841160081524e-05,0.002068951044631801,0.0,0.0013258060933526996,4.42808622094235e-06,0.012598743546348282,0.00016273337575795397,0.0002772332756940877,0.00015137471167527916,0.0003501844555457596,0.00028373717437565703,0.002134998247862896,7.360132848984858e-05,0.0002582142320040688,0.0,5.581901474867707e-05,0.0,0.0009383816355398978,0.0009132601625813506,0.0,0.0,0.0002270821570173634,0.001998357460942758,0.0001496658601526821,0.0,0.0,0.006487193004202016,0.006204490127600989,0.004165110368753516,0.0020446928035107352,2.907912737263884e-05,5.600683367968712e-05,0.001915212952054399
AMO,4.52807568990786e-09,1.2020248397412651e-09,3.802250006576297e-09,2.278565940223441e-09,8.509084772050148e-06,1.587686234896639e-05,3.410327843566664e-05,6.727531297198219e-05,1.3049521828988444e-06,3.2661892556334135e-09,3.781024460515136e-07,4.481317327147317e-09,1.1617056773738886e-06,4.580512034528917e-09,1.545637645862651e-05,6.0064656760026876e-05,8.140138600501766e-06,2.078778972481963e-06,2.624455712816632e-09,0.00043328313540504576,3.453463110060562e-09,1.8758252189242346e-07,6.704539732471795e-06,2.9670092735716915e-06,2.5219887003604057e-05,1.6778354871492915e-07,6.2451206434793065e-06,4.333279769749833e-06,0.00017350082244647962,2.4997278966488437e-08,0.00011118846077835108,3.797198649731586e-07,0.0010563675494331456,1.3649669730028215e-05,2.3254221836377692e-05,1.2699806432004658e-05,2.936563845605167e-05,2.381188616348804e-05,0.00017902099676738592,6.176863046160651e-06,2.16701348468879e-05,6.981991541768269e-09,4.688222885077534e-06,3.738876593821253e-08,7.874798333625414e-05,7.662501392852224e-05,4.303321600278339e-08,1.0457862609940202e-08,1.9076350808831188e-05,0.00016756354168368526,1.2551633864555854e-05,2.1115374573756646e-09,7.135693815986276e-09,0.0005439329239524369,0.0005202257671641267,0.000349238248247393,0.00017145078602622853,0.0034908074722383546,4.700840490121769e-06,0.00016058695017464667
REP,0.0005938399500477345,8.32117224133917e-07,0.018030338767502395,0.013906615802231462,0.000930125264097046,0.00016994901050651262,0.00047422034566555236,0.0005560428635885783,1.2987680347497543e-05,0.0036919369594336326,0.0001137833170591739,0.0,0.0023755349640319457,9.484307521826137e-05,2.16106805901134e-05,7.675524791660322e-06,3.518263309014372e-05,0.003368047141018839,0.0,0.08984033573271562,0.017945361416909392,2.3391491265320053e-08,8.603071690288028e-05,0.000572487606139456,0.0008658826570836289,9.986695824727474e-05,7.939560428478403e-07,0.00020059147408763934,0.0080360502601708,0.0,0.0001688329369304932,0.00016906397802190435,0.00018929878807773189,0.025123567436412798,0.001194539829459156,0.0007859281246879654,0.0050645565998361595,0.0006516108179844273,0.0016687666851820575,0.006076941123091404,0.0039242801000368395,0.0,5.981572419595415e-07,0.0034391266822050193,0.0009587059139019946,0.00218813084024867,0.0,0.0,0.002243080016128561,0.004221393528619577,1.6038211804258424e-06,0.0027456540725499324,0.0,0.004833577089222526,6.64873917821878e-05,0.0011798934592035727,0.0030389959057830975,0.002442234727202428,0.0019493619038970088,4.118768348363969e-05
OPS,4.291911644264466e-05,6.378300276927676e-05,0.002582179126931991,1.7533390349682594e-06,0.00014516181465002966,3.842032647201875e-05,0.00014203633404758276,0.00016877950293300896,1.2774469627302012e-05,3.0900297728901885e-06,1.9300167050531944e-05,0.0,0.00015183279378713432,0.00021647225413518184,6.263378298140617e-05,0.0001236662303525193,1.8076738997081588e-05,2.4122618250666466e-05,0.0,0.0007953326721039293,9.790811230833414e-05,1.4152946784076726e-05,1.5284157116714182e-05,0.00030908152040958755,7.440999318027272e-05,0.00014562319713183286,2.674437770539267e-05,1.4388146672732286e-05,0.00039076944853623686,7.511648373333147e-06,0.00022714867263048887,2.6290192586030233e-05,0.0019109635025471524,0.00016468678510387548,6.725531426493239e-05,0.00018188954852123128,0.00016628675276708364,0.0007757790829872825,0.0008695775781691141,0.00032992418285708364,0.001334335093095066,0.00021753925663943344,8.466566490575211e-06,0.00255421281670096,0.00019030426314924057,0.0010316691982841528,0.00010879255356761885,5.69264812642251e-05,0.00032378272998137884,0.0011689001777771657,0.0017155129121019918,0.001338056896159124,0.0004484624830850628,0.0009839702680988734,0.0009410902080942993,0.0006319399524859218,0.005710008439474651,0.015101774009544855,0.00044938902320647035,0.027100250235078296
IMP,0.07685262295863855,0.020612746870621694,0.0902249282194707,0.09743286459824702,0.08485319994853105,0.10005877712467548,0.16401719464304265,0.10507170605862813,0.23288214978489732,0.09176908599146678,0.11340269326846973,0.6372670469953655,0.18127624653922023,0.18898628262334094,0.3298674973892027,0.16869990090583792,0.22895078960739362,0.21854673241083628,0.33945474262121805,0.37215417533246387,0.29504959053735275,0.08419465416990242,0.28529270081849634,0.2512102224067417,0.16337122079625702,0.20431880318449144,0.1569123001083338,0.13724822037782383,0.17199439768943592,0.11277371706612054,0.09207237704063595,0.07272394371770698,0.008899168333208052,0.0860536645539199,0.05982926726329821,0.02124123648781632,0.011304788575783757,0.035283979657661196,0.02816488790831259,0.008837775398658503,0.04767972813170668,0.06200392321949827,0.009819348300430776,0.044230783697383945,0.1055066748397372,0.0908923580493742,0.05978258209316847,0.017350979718204575,0.09129559436060299,0.029379657503939904,0.11516068712923082,0.09935242519986807,0.014097791996766574,0.006570128483157644,0.05499635099878703,0.0738764235388955,0.013078299854967371,0.03516384938551025,0.01375406760444596,0.0501285766478538
